INSERT INTO Accounts (userid, password, deactivate) VALUES
('vshires5i','rdenud23',FALSE),
('egwinn9p','rurqgw76',FALSE),('droscamps36','fyjkkc13',FALSE),
('mransburybw','vvbfks81',FALSE),
('sviall9o','lgccil62',FALSE),
('pkettley9n','adojsp19',FALSE),
('wfarrejx','twbspw12',FALSE),
('elefebreqx','xiapin39',FALSE),
('rlunnp6','gjubjg09',FALSE),
('cessamnp','gevnjr42',FALSE),
('areinmarkp','fnhxyj14',FALSE),
('fswannack6d','xwtcwq88',FALSE),
('vpinkeo7','zpgsjt49',FALSE),
('mosgarbygy','roaech98',FALSE),
('iguntripad','rrchcq18',FALSE),
('lblaesqs','inrhjy76',FALSE),
('shutchenceqt','qczkgv02',FALSE),
('hreysoneg','yqfsgr92',FALSE),
('gpepperdb8','qmugkc64',FALSE),
('ntackesmz','qjnlsa34',FALSE),
('mfowlec3','qmbdzr37',FALSE),
('bseverwright2h','scehbo95',FALSE),
('tjanoutj0','ykpdln90',FALSE),
('rbugdell89','pprjsm78',FALSE),
('cdonneely36','ugpeis27',FALSE),
('gchappel2x','bzhtxn06',FALSE),
('aauldb0','vjqazn94',FALSE),
('jbearnedb','iocypc93',FALSE),
('ecuminegh','icyeok76',FALSE),
('lwolpert92','skdbqq94',FALSE),
('gaffusohm','itmppq35',FALSE),
('mbennit9u','sgkqpz11',FALSE),
('aalldridgef9','worqhh69',FALSE),
('skelle4u','njwavm16',FALSE),
('jhryniewiczn7','lcjvor46',FALSE),
('jfrancombo3','tvblew09',FALSE),
('scringlefv','icfhtb22',FALSE),
('rshakesbye30','lohyup04',FALSE),
('tbramepe','rspbev74',FALSE),
('cbraybrookes3i','azxxqr81',FALSE),
('itabourinp0','zdqufs83',FALSE),
('tevery69','ubxmxd82',FALSE),
('mpaddockiu','ingrcn02',FALSE),
('gosiaghailjn','brejii60',FALSE),
('ncasarinios','xxyupx14',FALSE),
('rbarbeymj','vvnobk44',FALSE),
('rknowlman62','jnajzg24',FALSE),
('kdiegoc8','yntwdy67',FALSE),
('lgwatkinhh','egwfgc07',FALSE),
('dlandmanmv','rmzlyd73',FALSE),
('vvreiberg9f','svhvok46',FALSE),
('ecalley79','tefdup51',FALSE),
('thagergham9u','aqyagd91',FALSE),
('fgamlin6a','wnixmg11',FALSE),
('sdwelleyjt','wghvza94',FALSE),
('bhillingc0','mkkocy92',FALSE),
('pspightni','hfzuey89',FALSE),
('mcadallederej','htmznk66',FALSE),
('dlinkleterdq','bubpao82',FALSE),
('nproswelloe','jsosks53',FALSE),
('akerley74','lcnryc70',FALSE),
('gelphinstoneci','etbbvs37',FALSE),
('bmithanlo','potiww03',FALSE),
('adulwitchbx','odbgqs88',FALSE),
('mgrunwaldj3','qxlfhu83',FALSE),
('gzoanetti2s','sjqsef99',FALSE),
('upignyj5','znvapg73',FALSE),
('rgorellipw','txjfue16',FALSE),
('smunktonax','tfnrth67',FALSE),
('deverton82','ndrjay46',FALSE),
('vschulterlr','wxzrbr90',FALSE),
('egrousejg','kuniac77',FALSE),
('agitthouse7j','xagdcq25',FALSE),
('jgothliff12','hyfafn87',FALSE),
('sloranti5','fbqczb57',FALSE),
('kguppyik','imwgow97',FALSE),
('gextiljm','kijjry46',FALSE),
('vboatrightbo','ciyhcr89',FALSE),
('aclampett7w','lsbhho61',FALSE),
('scaplinnv','wvknsm70',FALSE),
('mgiaomozzop5','ngftfi94',FALSE),
('bblumgg','risicx21',FALSE),
('gpauly2w','fcbfeq48',FALSE),
('mackeroydnm','vokwqr53',FALSE),
('twheway98','xrlush71',FALSE),
('kpavlatapn','azdblz20',FALSE),
('jmcalarneyio','jivlmc12',FALSE),
('mkielty4v','kdcibl75',FALSE),
('omassenhoveqh','byeonk77',FALSE),
('wdartnellek','cvnsii49',FALSE),
('akells73','jwwbpi49',FALSE),
('rwadmanba','tjbfkp22',FALSE),
('screaven7l','oiiqcy30',FALSE),
('hswaden4d','iikhpm00',FALSE),
('rdoblemx','nieicw13',FALSE),
('vcouthardeq','cxykfu95',FALSE),
('rortellsjo','epjdfc33',FALSE),
('vlindelofq8','alkkfa19',FALSE),
('jrojako','igpdsk81',FALSE),
('kliggensh4','xxzncg90',FALSE),
('ctyrwhittd0','hfxbzs50',FALSE),
('jhallwelldj','tpansl93',FALSE),
('hhousemanl8','kqpvlr72',FALSE),
('aomullaneyc9','jjefxu23',FALSE),
('mwarrenderfu','rkpxex77',FALSE),
('tpashba4c','fehgqg52',FALSE),
('apensoni2','ctcbvl88',FALSE),
('ariehmk8','iorlvz95',FALSE),
('bpersittgb','etqxqb71',FALSE),
('ogrint9o','ovlwgc27',FALSE),
('dsingyardjz','xbdvnw82',FALSE),
('hdhooghe5k','vthoxi04',FALSE),
('sschroeder66','voatzj06',FALSE),
('ddenisyukw','ifyuxz29',FALSE),
('dblaineil','wxvdsp90',FALSE),
('krawlcliffeag','ouxfoy98',FALSE),
('bmounceyoi','odfkxp26',FALSE),
('estreadergl','wumqqu50',FALSE),
('gbrokenshaw46','kjgvvh55',FALSE),
('tgarrattley90','baeebi13',FALSE),
('ilindelof3r','whtajr90',FALSE),
('rklesl1x','owsvda70',FALSE),
('carchdeacon76','fifyvs11',FALSE),
('cvasilenko57','rqinsm32',FALSE),
('lmackernessm9','gaoizf03',FALSE),
('kpalisterdx','xjylzn43',FALSE),
('lblackford4m','hmqvae25',FALSE),
('djoslowgi','cvofeg91',FALSE),
('lfain7b','vvjmzt68',FALSE),
('fcocksedgeog','rdodkg18',FALSE),
('wlargemc','mrhldp29',FALSE),
('bportingale8z','wozrwr87',FALSE),
('cbarthelmesqh','eisxab78',FALSE),
('jobalnv','kzgojl77',FALSE),
('bratledgeks','ulrris40',FALSE),
('lcrufts69','eiexrj24',FALSE),
('esleightholme5y','zixjpw70',FALSE),
('egonnin2a','vmnzln09',FALSE),
('mdarbishiremk','woysxv29',FALSE),
('bcolgana2','pikndu20',FALSE),
('cbasiliot','jwbhuu57',FALSE),
('rforsdikejb','usszbo03',FALSE),
('dchaddockb1','syjxvr98',FALSE),
('crembrandtly','appssc79',FALSE),
('ybetteneylc','dhmhey09',FALSE),
('bpryddengy','bwvkof14',FALSE),
('jbodem0','gkfwcb26',FALSE),
('feliah5','jwyukx73',FALSE),
('trolandfo','jhtorz82',FALSE),
('sjaouencq','jrqbch45',FALSE),
('lparksk2','edgslg55',FALSE),
('hbaudinsdf','olkwgk68',FALSE),
('sgeorgiuscz','ytihsq10',FALSE),
('pmuldoon8w','gljqqm57',FALSE),
('bfoldesk5','trxzte66',FALSE),
('lvondrachgi','pnbjzh16',FALSE),
('escarrottgk','wyzsms15',FALSE),
('cobradane33','rkqfdx06',FALSE),
('wroparsdp','zausbx41',FALSE),
('ebrailey61','wvpslc54',FALSE),
('lgercke2o','zyzrag18',FALSE),
('pmouncheraj','mzrkja79',FALSE),
('eletchfordfw','utredt01',FALSE),
('hgulliverj3','ejalee33',FALSE),
('wgillicuddyhq','obsccb51',FALSE),
('ysolleyl','tallfn89',FALSE),
('fweaversi3','ahornp28',FALSE),
('gkinnieja','hushza93',FALSE),
('gmitkcov6j','ukwpqv18',FALSE),
('aarundalede','tmxgtk81',FALSE),
('blambdinew','omhymy21',FALSE),
('mstripling67','bjjhjh68',FALSE),
('rdurangc','oxezhc27',FALSE),
('gcornilqf','zbppai25',FALSE),
('bbotlerg2','pxczjw29',FALSE),
('fhursthouse93','nxyskk01',FALSE),
('pivakinbm','msnset56',FALSE),
('mhowelli5','rqknut34',FALSE),
('acrombkx','gscuxo77',FALSE),
('lfabri4t','omeymy83',FALSE),
('hstoyle4a','gtnlsg20',FALSE),
('kgoodge6b','fnniez36',FALSE),
('zfoulis11','brcait78',FALSE),
('fmayesl3','dyskik06',FALSE),
('tsargintk7','gczsdg14',FALSE),
('twarrengk','tceqes23',FALSE),
('dfernandezar','mwxujp53',FALSE),
('kcornfootgv','rxtrvj80',FALSE),
('oslatorld','kkijvf99',FALSE),
('atrembathmu','msllpy02',FALSE),
('dshoppeemp','lvhiuo28',FALSE),
('lbracknell56','rhpezy89',FALSE),
('estratzq','sticil14',FALSE),
('djeaycock2r','rgmgyd50',FALSE),
('sjoberne4o','zwfvsz36',FALSE),
('vdibiasia','mdksqa15',FALSE),
('lrobertotdu','jhhxnc63',FALSE),
('socloneyq6','kcavie43',FALSE),
('dpischel3d','xqywlc77',FALSE),
('gdanielyoa','utvhip15',FALSE),
('swerrit33','xricot31',FALSE),
('tcoghlinez','pjofgt28',FALSE),
('njacopp','zytklt79',FALSE),
('adallan74','ydjgfp99',FALSE),
('geverallht','kvmxso14',FALSE),
('achesswas1','wocpuk22',FALSE),
('szapatero7x','dpluzb91',FALSE),
('bsolland7','ckncna96',FALSE),
('emcilhagga79','ebzeic02',FALSE),
('cgiggsbx','xvmstg43',FALSE),
('acurrell9d','uvwdsr37',FALSE),
('rtottman9j','rmvary95',FALSE),
('bcolebyha','dkjmgr50',FALSE),
('bphilcottig','coepor11',FALSE),
('amagrane58','phdlzd52',FALSE),
('sogilviemb','fsxfun34',FALSE),
('rlappingmf','bkyabv83',FALSE),
('arolfea8','scxsqf60',FALSE),
('rkirimaae1','zgybfy43',FALSE),
('nblodgettlz','ovjsep28',FALSE),
('vzannotellik1','hchlsh28',FALSE),
('bcarluccias','nkczum88',FALSE),
('vmcnelly7c','slyssw52',FALSE),
('orielly17','pmajjq59',FALSE),
('rboykett9n','qlyxpe82',FALSE),
('mgarretts3l','gmxdms71',FALSE),
('lbenza1y','vkvzwn02',FALSE),
('eburgot5e','viutqw79',FALSE),
('eswinyardpg','jtuabk90',FALSE),
('frodwaypx','sqxeze09',FALSE),
('qsandyfirthih','vznczu01',FALSE),
('abeggo1','yloled62',FALSE),
('piacobini7o','gdlchv81',FALSE),
('plamburnef5','jeqyha09',FALSE),
('jdawne','quysas85',FALSE),
('csimonelbk','xjqthw67',FALSE),
('oblowfelde40','zsbxoz44',FALSE),
('kvasyuninds','khbvjs17',FALSE),
('rdabrowskiov','fhxiyr52',FALSE),
('jbelcham80','wmhenj91',FALSE),
('birnysda','fuivqj88',FALSE),
('thardan8i','abrwro51',FALSE),
('remersonhc','iecngs84',FALSE),
('lkluger0','zvdaev62',FALSE),
('elangfittae','zsvwol12',FALSE),
('vbettenaygp','gyzrkd98',FALSE),
('jdhennin3v','lxrosu01',FALSE),
('mkleise7','dxglcv90',FALSE),
('cbonaviad5','ddmvbh02',FALSE),
('oivanikhin2t','dyhhvs75',FALSE),
('mtinmanjr','kjzavb98',FALSE),
('tenstenkm','oupodv10',FALSE),
('sfidgeha','bwflcj72',FALSE),
('jvescoviniev','eyylzp60',FALSE),
('sclubleyrd','yoovgx76',FALSE),
('bperrottet16','nawkeu72',FALSE),
('eganniclifftic','avccvq59',FALSE),
('jpeetbu','qugyko38',FALSE),
('sjanosevicow','fdabhx68',FALSE),
('bdinnis6t','tacdzo66',FALSE),
('lhillyattiw','byfjas57',FALSE),
('mlauritsen84','zjszwc93',FALSE),
('nmaiseygo','msjrcd69',FALSE),
('vbarrowclough6l','whaxdh95',FALSE),
('ffuke9y','rfnxde51',FALSE),
('lkiraoy','ondyzt32',FALSE),
('lkeson77','lsxvmw73',FALSE),
('rharris55','ydjjgp00',FALSE),
('jpadillonw','qkvtcu89',FALSE),
('bcossarq0','ntekcc33',FALSE),
('vchisholmeir','pvbhat81',FALSE),
('hbeigp0','emaczg41',FALSE),
('agerholdhu','vfekuf73',FALSE),
('rchatburnj9','xadoxr12',FALSE),
('pengel2b','jqxubd95',FALSE),
('lgerckeau','bmeszq36',FALSE),
('oantwismi','vsbsji22',FALSE),
('sketchdz','kverwk39',FALSE),
('cgoodayf','krzodu89',FALSE),
('fhawtin6p','tyxdpu83',FALSE),
('smerwedec5','arleaf46',FALSE),
('gdavid8','hjtdpe13',FALSE),
('fparsonaged6','lzdikp19',FALSE),
('eattyin','nfjsaa18',FALSE),
('carmaneo','qanpwe38',FALSE),
('vhannumo9','czieoy41',FALSE),
('amccrowly','qdrmso24',FALSE),
('lnicklenpd','ohnaoi54',FALSE),
('dmackeegfe','gtmsbo41',FALSE),
('mgarnamk4','picvhl30',FALSE),
('fcrossdaleni','dcpmjs94',FALSE),
('blanfranchi8k','jgqssf14',FALSE),
('mcurror8e','tlsbua02',FALSE),
('kifec','qyifpx41',FALSE),
('csimchenko94','dqcklm91',FALSE),
('gmakin53','sftppd14',FALSE),
('nessex9j','zeimih06',FALSE),
('rcollingwoodc4','dpsaiy58',FALSE),
('mcharitybf','ulegzp82',FALSE),
('hfitzsymons4g','glrvlb77',FALSE),
('dconverym8','czewvs12',FALSE),
('ymiebes5','hyvrsu84',FALSE),
('bdallmannlp','whsyol46',FALSE),
('rtockeo','qmdvwk21',FALSE),
('blinturnjb','navdrr98',FALSE),
('aengledow5l','ukzzox84',FALSE),
('bsprasen9r','znswhw92',FALSE),
('asayleso6','aqqhks33',FALSE),
('balvaradogx','uiyvdk45',FALSE),
('gbougheyas','onpljj35',FALSE),
('akolodziejskii','omsbfe91',FALSE),
('dsauniernm','esefyo07',FALSE),
('emccrostie44','ujmcwy31',FALSE),
('rcraino8','yrjefa40',FALSE),
('mriddler3n','segxja73',FALSE),
('galexanderssond2','mbtkrt40',FALSE),
('ajeffes3f','lvxqyh02',FALSE),
('jsmealki','rvmguj42',FALSE),
('ajeffreysr1','woinal96',FALSE),
('ofilder6','omzhab19',FALSE),
('keakly9d','gmccbc64',FALSE),
('ashattock51','cfvmwx54',FALSE),
('rarons9t','hkpdwe39',FALSE),
('mnoliqo','rvzict13',FALSE),
('krallings9k','mlkqxi25',FALSE),
('cdivea0','ihalxs26',FALSE),
('cmaxwailegu','adjzby70',FALSE),
('othingir','veauby36',FALSE),
('jaizikowitzhg','jtxbdv27',FALSE),
('troughmj','gqxkzf92',FALSE),
('lmartinsonhq','ziavss60',FALSE),
('ldoneldk2','vysdhc21',FALSE),
('mbeswetherick7c','hnvqjf55',FALSE),
('wleggisp7','vysgdm24',FALSE),
('hyeandelib','ffehpo32',FALSE),
('mmccawg1','xjvijb47',FALSE),
('tcounihane1','aqgcxo06',FALSE),
('aculrossjk','zgdtvp50',FALSE),
('cranscombeil','jkmdwx66',FALSE),
('jburstonml','enxoro66',FALSE),
('hbrewster2b','awvdzc37',FALSE),
('amatusovqm','cemqjv64',FALSE),
('adowniel5','slsrfl94',FALSE),
('gescreet51','dwjred88',FALSE),
('dstanbridge5q','koncqa61',FALSE),
('sdermott2c','nhjqge08',FALSE),
('charpinis','lxxrcr22',FALSE),
('bcheston7e','brypvz90',FALSE),
('sbolderodr','lnwmux58',FALSE),
('rmaddamsa5','alytib20',FALSE),
('ryakunin44','iasrsq13',FALSE),
('ecarng','dplxql64',FALSE),('mlarchierfy','mvrtlx13',TRUE),
('sregnardb2','ahgayg61',TRUE),
('ielsmoreri','gxnrwq30',TRUE),
('hderechter5o','qsxlqt33',TRUE),
('kshout8l','uababv53',TRUE),
('rheppnerms','kftwyu17',TRUE),
('ufrankcombe5h','mdiysk02',TRUE),
('agonthardq','ixegmd99',TRUE);
INSERT INTO Users (userid, name, postal, address, hp, email) VALUES
('lfabri4t','Mile','471555','2 Algoma Alley','86232445','mharlock9v@cafepress.com'),
('dblaineil','Meara','009268','59877 Sheridan Lane','98064892','msheahanoo@sciencedaily.com'),
('tenstenkm','Ivie','832627','3461 Butterfield Pass','93575999','iflohardd7@forbes.com'),
('hfitzsymons4g','Dalila','603939','4861 Ronald Regan Trail','87837661','dwrigleyll@blog.com'),
('rlappingmf','Shaylah','191319','5044 Reindahl Center','81820292','swoolhamko@addtoany.com'),
('rdurangc','Rogers','186811','4 Petterle Hill','90333558','rsharpus8w@aol.com'),
('vchisholmeir','Tome','333648','5525 Novick Drive','89021365','thoyland2u@apple.com'),
('bportingale8z','Doyle','744771','66 Shasta Junction','80777864','ddawtreye4@earthlink.net'),
('rheppnerms','Alford','242339','892 Mallory Place','87662360','aschafer2b@prweb.com'),
('gkinnieja','Casi','654027','5095 Sachs Street','81161000','cblakeneyop@deviantart.com'),
('mgarnamk4','Willette','633173','43647 Gulseth Plaza','87383089','wravelus7@skype.com'),
('rgorellipw','Gillian','153018','322 Harbort Pass','87840131','gfitzsymon90@fotki.com'),
('omassenhoveqh','Faye','791268','710 Grim Drive','97955413','feversleyoe@huffingtonpost.com'),
('carmaneo','Graeme','211437','5 Sloan Park','87713648','gmoulton37@woothemes.com'),
('achesswas1','Wenda','902825','8832 Monument Lane','96756137','wratchfordql@pbs.org'),
('charpinis','Bernelle','472450','54 Merry Place','95044359','bortigap6@joomla.org'),
('kgoodge6b','Lexine','676690','27 Donald Lane','91861393','lglazebrookat@naver.com'),
('zfoulis11','Maris','196820','807 Moland Road','87477395','mlettleyaa@va.gov'),
('aauldb0','Julian','997576','35 Drewry Avenue','99152569','jdelleschi8a@youtu.be'),
('sgeorgiuscz','Emmye','183732','55 Fair Oaks Circle','99247534','eriddioughh9@bbb.org'),
('jpeetbu','Marin','798267','35249 Cottonwood Lane','96185321','malywinfh@infoseek.co.jp'),
('mdarbishiremk','Ernaline','341966','88 Sullivan Terrace','82630936','ejudgkinsaw@tamu.edu'),
('sbolderodr','Ulric','963228','16 Crescent Oaks Hill','92731716','umatyr1@comsenz.com'),
('vschulterlr','Sylas','992415','4 Garrison Crossing','81845804','spadgetti6@github.com'),
('kliggensh4','Tymon','541329','4 Claremont Road','96311215','tthelwll3i@wisc.edu'),
('djoslowgi','Tamarra','579118','5125 Welch Junction','97855816','tbeagrieil@prnewswire.com'),
('ysolleyl','Aurlie','561093','3 New Castle Street','96558237','akingsly1@simplemachines.org'),
('tevery69','Lorrayne','974108','77091 Katie Plaza','91084301','lkrollfu@vkontakte.ru'),
('sviall9o','Chiquita','699652','5 Dottie Plaza','81597456','cfrohock88@mayoclinic.com'),
('ariehmk8','Melisande','096121','0 Delladonna Park','91307622','myushkin1d@opensource.org'),
('birnysda','Jackie','002417','5394 Moose Court','84194238','jdeblase7c@nasa.gov'),
('rtockeo','Kalie','503592','04789 Acker Street','92193590','kdunbabinl1@last.fm'),
('agonthardq','Christoffer','418511','93884 Jay Circle','87301881','ckestena1@clickbank.net'),
('jfrancombo3','Yorgo','320131','3 Laurel Junction','81084960','yrochesbk@blogspot.com'),
('adallan74','Malory','621882','1357 Oxford Lane','82209549','mspeareg5@skype.com'),
('smerwedec5','Teresa','054638','36385 Helena Street','89481341','tbladderrk@nature.com'),
('bfoldesk5','Isidore','588266','9 Ryan Court','87320059','idannlv@about.com'),
('dshoppeemp','Andromache','051297','02 Browning Avenue','95874755','apashanbi@google.fr'),
('twarrengk','Chancey','236145','2791 Karstens Parkway','86230343','cscafer4@narod.ru'),
('sdwelleyjt','Ring','026793','4985 Kensington Pass','98177768','relane3@trellian.com'),
('mosgarbygy','Horton','372450','3678 Loftsgordon Pass','84503012','hstephenseu@devhub.com'),
('lblaesqs','Rutger','744546','2295 Pearson Alley','94356594','rgissing81@mayoclinic.com'),
('eganniclifftic','Babs','062568','22929 Iowa Point','97982754','btullishh@forbes.com'),
('plamburnef5','Blair','168098','13133 Oxford Circle','86492446','bwestphallr@unicef.org'),
('jaizikowitzhg','Theodoric','430913','330 Fremont Junction','96917826','tantonikd0@statcounter.com'),
('kvasyuninds','Tracie','963121','50390 Acker Trail','88098662','tbalazotkr@globo.com'),
('amagrane58','Lock','627627','24081 Bay Road','97682395','lmoakesfe@nps.gov'),
('mcurror8e','John','309383','879 Bowman Plaza','97900192','jballaamnp@upenn.edu'),
('balvaradogx','Gregory','482623','9 Clyde Gallagher Trail','83127307','gmiliermt@soup.io'),
('aengledow5l','Marin','923336','32979 Caliangt Point','86898559','mshropsheirpj@google.com.au'),
('egrousejg','Genvieve','544091','76547 Bay Crossing','81452251','gmacnalleya@dailymail.co.uk'),
('cmaxwailegu','Sheilakathryn','974778','7998 Pearson Court','99157893','ssalangy@tamu.edu'),
('cbarthelmesqh','Basilius','239963','32901 Scoville Avenue','96482183','bholley26@dyndns.org'),
('akerley74','Tiertza','159514','39 Kedzie Lane','82377163','tburrus7f@cbslocal.com'),
('vhannumo9','Grace','497382','263 Loomis Lane','88867247','gclemencon6a@engadget.com'),
('kdiegoc8','Phillida','962876','814 South Place','81786822','pbeaman6l@simplemachines.org'),
('oantwismi','Yolanthe','329947','287 La Follette Road','82414781','ymaggiorifc@angelfire.com'),
('estratzq','Ermentrude','062081','9669 Hagan Junction','80194452','eeeles9t@yolasite.com'),
('kpalisterdx','Yancey','995468','9846 Brickson Park Avenue','97498873','yfalla7i@rambler.ru'),
('gdavid8','Merv','983175','55088 Dexter Road','83706178','mpaynter4j@auda.org.au'),
('mtinmanjr','Tootsie','013457','2 Dahle Plaza','85451376','tstairmondqj@squidoo.com'),
('piacobini7o','Lorie','034494','7 Browning Park','95784417','lselman7a@springer.com'),
('jhryniewiczn7','Currey','033699','6750 Northwestern Parkway','88761225','creddingsu@smh.com.au'),
('sloranti5','Artemas','643515','1 Buhler Place','93485846','ahyder5m@lulu.com'),
('akolodziejskii','Teador','500522','31468 Cottonwood Trail','91530391','tchennells2s@google.es'),
('nblodgettlz','Carlye','378671','9 Jenna Hill','98178638','cmckevany2o@nasa.gov'),
('fhursthouse93','Merralee','481707','09 Oneill Circle','95440568','mgoomsjr@oakley.com'),
('ryakunin44','Carissa','587934','9 Lake View Park','90447149','cfarlane2e@domainmarket.com'),
('sketchdz','Neron','767122','34892 Declaration Alley','80155150','neldredgeep@sogou.com'),
('ofilder6','Kennith','970653','71 Boyd Crossing','85101099','kgiddens63@disqus.com'),
('mackeroydnm','Leona','067887','477 Old Shore Plaza','86567245','lmoresby5l@apple.com'),
('rtottman9j','Merla','043821','6430 Shoshone Drive','89709993','mruslinge24@hud.gov'),
('ecuminegh','Taryn','242454','31476 Oak Alley','86855158','tfilipputtiex@buzzfeed.com'),
('gextiljm','Nikolos','645678','3713 Chive Street','94686375','ntredgeth8@statcounter.com'),
('jvescoviniev','Welbie','841520','546 Briar Crest Parkway','88423791','wkornasob@dmoz.org'),
('csimchenko94','Whitney','640922','34172 Schiller Plaza','95525785','whardagelz@prlog.org'),
('bmounceyoi','Curran','109590','17792 Blaine Park','93550315','cgiacomellokz@i2i.jp'),
('acurrell9d','Hatti','760196','854 Katie Junction','88498806','hpolkinhornni@cbc.ca'),
('jobalnv','Chandler','204390','01994 Clemons Trail','91531241','cverne5k@about.com'),
('gchappel2x','Tuck','166149','525 Briar Crest Center','96592607','tgrane4o@skyrock.com'),
('bcarluccias','Ari','606041','870 Granby Junction','81121304','akingcotedp@ow.ly'),
('tgarrattley90','Katrina','556287','4 Shasta Point','81113498','kgibbings98@photobucket.com'),
('swerrit33','Robinet','007998','69 Dennis Alley','83266843','rmclugaish9j@microsoft.com'),
('dmackeegfe','Eduardo','609300','4959 Debra Circle','95112601','ehevneri3@seattletimes.com'),
('rdabrowskiov','Katy','352277','8768 8th Way','91273398','kkitneybs@skyrock.com'),
('jmcalarneyio','Audrye','444130','664 Manufacturers Center','86445241','atabertki@cpanel.net'),
('elefebreqx','Steffi','983567','76 Havey Way','80036396','sreadwink6@facebook.com'),
('mlarchierfy','Cissiee','542677','3 Helena Street','96119924','cbentzena5@princeton.edu'),
('dconverym8','Harman','957194','83833 Raven Circle','91800311','htrouncer6i@networksolutions.com'),
('lmackernessm9','Chad','560763','03 Menomonie Terrace','95769976','cmaclaughlinre@sourceforge.net'),
('cdonneely36','Earvin','949881','4123 Muir Center','85101517','eburgonqd@comcast.net'),
('pmouncheraj','Verena','958919','8740 Killdeer Point','88937311','vsleighb1@ibm.com'),
('cvasilenko57','Marje','090014','7 Farragut Pass','94239421','mpiscopiello47@amazon.de'),
('aclampett7w','Thomas','333852','670 Erie Park','93446369','tsaizgf@squarespace.com'),
('mransburybw','Jolie','512267','10408 Anzinger Street','85522210','jpouldenm2@moonfruit.com'),
('bphilcottig','Theressa','083288','51 Thompson Alley','86182776','tosoriolo@businesswire.com'),
('bcheston7e','Thorin','899847','55 Rigney Circle','87255722','tbussellb3@shinystat.com'),
('jbelcham80','Halie','931989','166 Logan Point','96590945','hbevingtonnw@hatena.ne.jp'),
('lblackford4m','Elihu','223842','5244 American Court','95792608','eglackinh0@arstechnica.com'),
('dlinkleterdq','Heindrick','881928','5 Troy Pass','99647589','hlidgertwood3q@furl.net'),
('sregnardb2','Sabine','179693','91694 Buhler Parkway','90212449','smcasterg4@independent.co.uk'),
('mnoliqo','Vivien','063035','0557 Luster Lane','91830488','vcancellori@lycos.com'),
('ncasarinios','Antonie','933445','8 Schurz Avenue','94326024','ascapelhorncr@flavors.me'),
('gelphinstoneci','Maure','172741','39 Susan Place','86522860','mdorgon22@time.com'),
('trolandfo','Domingo','558957','90580 Moulton Crossing','98904855','dcislandkx@technorati.com'),
('shutchenceqt','Georgie','550831','894 Sage Point','86042353','gyerbury6w@simplemachines.org'),
('wlargemc','Oliver','611179','95613 Graceland Way','87433961','odenerley7@google.it'),
('bbotlerg2','Elspeth','226231','4483 Sunfield Junction','84230929','ejelly3k@bizjournals.com'),
('bsprasen9r','Luise','025227','171 Vera Point','93374831','lwonhame@netvibes.com'),
('cranscombeil','Harcourt','728675','7359 Graedel Pass','81924239','hcawleyjg@earthlink.net'),
('cdivea0','Godiva','725964','8320 Forest Run Plaza','98949375','glewtong9@prnewswire.com'),
('ecalley79','Jeddy','594325','66652 Warrior Lane','81817280','jlenniepb@scribd.com'),
('vmcnelly7c','Stace','672991','906 Elmside Circle','86846142','slittlejohn91@cyberchimps.com'),
('rforsdikejb','Maurise','416089','2952 Knutson Junction','85776246','mdellenbrok3o@gmpg.org'),
('hderechter5o','Garrick','461430','50820 Pleasure Trail','84812019','govensnd@soundcloud.com'),
('mwarrenderfu','Cathyleen','803612','660 Merchant Road','94362904','chairefs@nih.gov'),
('dsauniernm','Bettina','658856','96785 Morningstar Junction','84353482','bohogertie8p@sphinn.com'),
('mfowlec3','Xavier','651627','5 Red Cloud Drive','80499542','xhyltonps@gnu.org'),
('ddenisyukw','Holli','594201','41 Ridge Oak Street','91409780','hquaile7@ted.com'),
('iguntripad','Helyn','830540','22821 Lotheville Center','88212749','hlowry7d@ustream.tv'),
('thagergham9u','Belita','406429','66226 Steensland Avenue','88597158','brebertqd@dailymail.co.uk'),
('bdinnis6t','Israel','814133','68033 Texas Center','95445360','iverlindencn@auda.org.au'),
('bperrottet16','Dianne','404429','4134 Daystar Crossing','85959669','dmulhall7u@squidoo.com'),
('sjanosevicow','Eirena','802005','842 Daystar Alley','93738449','eoscannillca@ebay.co.uk'),
('qsandyfirthih','Levy','286064','6 Granby Way','90835898','ldibsdaler5@un.org'),
('troughmj','Dominick','878149','9 Moland Avenue','91753462','dbennallckga@macromedia.com'),
('fparsonaged6','Delcina','025425','943 Prentice Junction','93641940','dchsteney23@geocities.jp'),
('rharris55','Giulia','282310','5687 Rusk Plaza','85208193','gmalletratt7j@wikia.com'),
('sclubleyrd','Isaac','034584','3982 Monica Road','82405191','icastellettoha@scientificamerican.com'),
('nessex9j','Ursulina','927096','63 Reinke Crossing','93045320','uligoem9@discuz.net'),
('rchatburnj9','Johannes','115648','05546 Clemons Center','92961637','jtatamc9@bandcamp.com'),
('tcounihane1','Anatole','432855','6647 Glacier Hill Plaza','91749948','adrableq4@google.it'),
('vcouthardeq','Ronny','916873','1 Columbus Avenue','87977344','rtrevaskusf0@walmart.com'),
('jdhennin3v','Audry','314015','24074 Granby Circle','85932478','apitchford8m@shutterfly.com'),
('fgamlin6a','Cecelia','123556','11850 Reindahl Hill','80108507','cpoultney2v@squidoo.com'),
('pivakinbm','Monroe','660407','96715 Monterey Center','92756047','mdomerqueer@yale.edu'),
('vlindelofq8','Agneta','827956','54178 Monterey Terrace','98806361','abelf85@businesswire.com'),
('jbearnedb','Raynor','812060','30 Derek Place','91696334','rhuniwalldm@newsvine.com'),
('sogilviemb','Karie','669195','2372 Ramsey Street','81545630','kjinkinsoni3@tinypic.com'),
('njacopp','Charlotte','493604','7 Surrey Avenue','94144464','csisnettqf@joomla.org'),
('crembrandtly','Anya','284205','7291 Forster Avenue','95148025','amease6d@cpanel.net'),
('mcharitybf','Malissa','002247','62 Mockingbird Circle','80704487','mmcgillivrie6y@live.com'),
('ctyrwhittd0','Laureen','681578','5426 West Road','96915424','ldownhamkc@last.fm'),
('ecarng','Genna','435577','5 Carey Parkway','87429815','gbellfieldd8@exblog.jp'),
('rkirimaae1','Julio','660027','01278 Manitowish Terrace','84209132','jgerardipt@nhs.uk'),
('kcornfootgv','Rhetta','022112','36 Center Court','88312852','rtyremanay@xing.com'),
('screaven7l','Englebert','704384','4404 Monterey Terrace','88357184','estanilandn9@purevolume.com'),
('kifec','Claudina','568239','82754 Butternut Pass','80029004','ccockillf9@epa.gov'),
('gescreet51','Beatrice','570590','9200 Golf Course Crossing','85664583','baslumof@cbslocal.com'),
('dfernandezar','Trix','516297','1 Novick Avenue','91604702','tgrationo5@sfgate.com'),
('upignyj5','Marlo','281046','5 Shelley Hill','94092730','mrudekv@sohu.com'),
('hbrewster2b','Niels','875854','488 Lakewood Plaza','85541433','nspillanefh@census.gov'),
('kpavlatapn','Garret','291112','8 Bartelt Trail','89119093','gdoakak@hatena.ne.jp'),
('lkluger0','Kimble','157099','04 Corscot Center','95138757','kjorne5@netscape.com'),
('fcocksedgeog','Saudra','135347','34629 Dunning Terrace','94365314','skantord5@linkedin.com'),
('lparksk2','Bobbye','221503','215 Crest Line Avenue','85503291','bgeall5m@economist.com'),
('orielly17','Noby','799400','73930 Londonderry Parkway','96126056','nhonnicottfd@forbes.com'),
('djeaycock2r','Humfried','714964','13402 Badeau Point','83564637','hlyfordjz@pcworld.com'),
('hbaudinsdf','Edita','190687','9434 Kenwood Drive','96644050','ekeneleysideb0@unblog.fr'),
('fswannack6d','Catrina','812075','78551 Dunning Road','94995688','cwitt55@sfgate.com'),
('gdanielyoa','Emmy','924394','50 Dexter Place','84148374','emckevinkw@amazon.co.jp'),
('blambdinew','Clementia','533114','49822 Meadow Vale Circle','95629643','ccarne4j@umn.edu'),
('carchdeacon76','Isaiah','692860','99 Harper Circle','85243692','inewnsf3@guardian.co.uk'),
('ajeffreysr1','Carine','104143','30641 Scofield Terrace','97094240','ccodhi@liveinternet.ru'),
('gaffusohm','Pierson','287690','79 High Crossing Crossing','95358090','pstaceyj2@ed.gov'),
('bpryddengy','Margarethe','614032','1 La Follette Trail','91912738','mwateridger6@skype.com'),
('adowniel5','Reilly','355975','15258 Carpenter Hill','81585152','rdelaundenr@ted.com'),
('rboykett9n','Olympia','138462','736 Ruskin Terrace','92502130','oelgramr3@uol.com.br'),
('agitthouse7j','Bathsheba','101804','87 Eastwood Pass','94395462','brohlfsi1@newsvine.com'),
('scringlefv','Melvyn','878142','1 Helena Junction','98435632','mdederichpa@mail.ru'),
('pspightni','Amabel','996802','3655 Fordem Crossing','80655546','anewsomec4@cbsnews.com'),
('gbrokenshaw46','Rickie','198870','1684 Spaight Parkway','87766084','rgiralqu@soundcloud.com'),
('lnicklenpd','Bordy','190394','63 Magdeline Parkway','84247981','bpothburyhm@lulu.com'),
('cbasiliot','Darlene','544137','86050 Fairfield Trail','98178707','dpaffordjl@admin.ch'),
('arolfea8','Lauri','558218','88117 Bartillon Lane','84427466','lklimaszewskidk@squidoo.com'),
('othingir','Danny','094102','10125 Sheridan Circle','85698041','dringsit@moonfruit.com'),
('tjanoutj0','Vicky','173231','50 Kim Pass','92412843','vconing4n@flavors.me'),
('lgerckeau','Julianne','771133','2 Pawling Circle','80136067','jwilbore7h@washington.edu'),
('cbonaviad5','Geoffry','081443','2 Ilene Terrace','91655128','gcausby7g@pen.io'),
('fhawtin6p','Riane','223873','14457 Fieldstone Point','97122200','rolyunin3a@usa.gov'),
('keakly9d','Kiri','799124','12666 Holmberg Alley','81697120','kcarlesm0@army.mil'),
('bratledgeks','Dorris','697669','174 Barby Alley','80494050','dmaydwayaf@amazon.co.jp'),
('bsolland7','Jenilee','834693','4581 Cascade Alley','90049440','jfreiburgerq2@mozilla.org'),
('jhallwelldj','Ruthi','226904','21 Scoville Plaza','94301238','rpolon4v@nyu.edu'),
('pengel2b','Trumaine','111447','7 Burrows Center','97162996','tgrigautfy@gravatar.com'),
('eattyin','Maude','511332','8348 Paget Point','84185938','mcreightone5@aboutads.info'),
('abeggo1','Nelle','686289','901 Grayhawk Crossing','98809786','nthundercliffeie@zdnet.com'),
('ufrankcombe5h','Khalil','583475','0 Bunting Avenue','98518775','kewbanckie@yale.edu'),
('aalldridgef9','Garth','301715','460 Scofield Parkway','86653901','gfairlaweb@behance.net'),
('adulwitchbx','Roseline','042019','37498 Burrows Crossing','88523022','rvariana9@google.de'),
('akells73','Eldon','348177','9 Kenwood Trail','92186093','ebrandtq3@mashable.com'),
('ffuke9y','Dahlia','901998','34 Schurz Crossing','83875100','dtighe76@reuters.com'),
('tbramepe','Koralle','701111','2 Green Court','92725603','kjenkinaj@tumblr.com'),
('ilindelof3r','Rod','815004','6 Stuart Trail','90943439','rronalddq@netlog.com'),
('fmayesl3','Olympia','390431','03878 Spenser Terrace','82111753','okonzelmann58@pbs.org'),
('itabourinp0','Raynard','943790','9 Everett Lane','99931466','rsolesburyi9@macromedia.com'),
('geverallht','Nettie','797209','57 Oak Avenue','80183471','nhollebonr@google.com.br'),
('kguppyik','Arda','358468','3 Village Green Parkway','80158887','atuxillka@ed.gov'),
('lhillyattiw','Brynne','303287','0 Montana Way','91208343','bshillinglawrn@google.ca'),
('rklesl1x','Douglas','447465','56 Sunnyside Pass','84117142','dzywicki18@adobe.com'),
('bseverwright2h','Ivar','577684','5 Jenna Center','83057290','igoodswen8u@yellowbook.com'),
('hdhooghe5k','Christie','048341','31 Corscot Plaza','95702079','cdixsonc@ted.com'),
('bdallmannlp','Goldi','698715','52 Tony Drive','81718247','gvolontegj@hatena.ne.jp'),
('bcossarq0','Ryan','267405','6029 Messerschmidt Place','88501845','rphillcocklm@guardian.co.uk'),
('ntackesmz','Anne-marie','012081','036 Ronald Regan Circle','86565620','abalfeb9@washingtonpost.com'),
('mlauritsen84','Selig','163831','19749 Quincy Trail','93152083','sdericut45@myspace.com'),
('escarrottgk','Karlens','302339','89035 Mendota Alley','94169087','kpiotrcq@tripadvisor.com'),
('lcrufts69','Abby','446038','1 Westend Avenue','93767120','aservantefi@friendfeed.com'),
('fcrossdaleni','Worden','087171','5541 Maryland Parkway','87830681','wilive4i@edublogs.org'),
('jgothliff12','Ned','141094','9910 Saint Paul Avenue','84492738','ndodworthae@geocities.com'),
('cobradane33','Maia','917990','70146 Melrose Plaza','85756058','mlevenegr@sun.com'),
('thardan8i','Ardine','929174','7728 Messerschmidt Street','96245634','abasler1x@independent.co.uk'),
('eletchfordfw','Nevin','349741','03051 Old Gate Road','86181604','nmutton71@ed.gov'),
('mbeswetherick7c','Milicent','577429','68107 Spaight Court','95184536','mclausened@chronoengine.com'),
('blanfranchi8k','Madlen','759443','14898 Dawn Parkway','87167823','mblaxall8r@wikimedia.org'),
('wdartnellek','Dolph','992105','9498 High Crossing Court','88390915','dgreenland24@umich.edu'),
('eswinyardpg','Kale','370986','80812 Rowland Street','91997169','kfayternm@noaa.gov'),
('tcoghlinez','Cathlene','883833','5213 Waywood Plaza','90838217','ccluettiz@tumblr.com'),
('oblowfelde40','Salomo','735076','56 Rockefeller Trail','84120201','syerrellgi@fastcompany.com'),
('gmakin53','Melinda','096547','38 Beilfuss Junction','90674976','mscrivinor8o@ted.com'),
('amatusovqm','Bartel','296140','79565 Ruskin Street','86097429','bbrigdaleed@myspace.com'),
('oslatorld','Gerry','295422','184 Park Meadow Circle','96835609','gyakovichw@weebly.com'),
('rcollingwoodc4','Paolina','770694','87 Eagle Crest Plaza','93996849','ptunnacliffebg@wikipedia.org'),
('remersonhc','Mason','855087','40 Schmedeman Street','85909307','mbeville94@webeden.co.uk'),
('vzannotellik1','Tadd','792766','4 Forster Parkway','87276510','tjurischim@sciencedaily.com'),
('ashattock51','Conrade','123551','059 Sunnyside Parkway','91157156','cbalke4p@scribd.com'),
('rshakesbye30','Brendis','150486','742 Daystar Parkway','93099250','bbeddinghamgs@smh.com.au'),
('bcolebyha','Corty','908793','4797 Gerald Crossing','93986985','cstangroomba@yellowbook.com'),
('hstoyle4a','Christy','248958','174 Victoria Street','83517390','ckeymar7h@bloomberg.com'),
('dpischel3d','Ignacius','730591','303 Coolidge Circle','92925979','imacfadzan42@mediafire.com'),
('areinmarkp','Dewitt','267094','4 Shoshone Parkway','91982868','dcrown7m@yellowpages.com'),
('mstripling67','Roda','138644','627 Moland Circle','81149944','rwhittle1w@altervista.org'),
('rwadmanba','Brigitte','710698','3 Crest Line Pass','92597979','bliebmanneb@army.mil'),
('rdoblemx','Astra','418253','8 Corry Trail','86594709','afitzsymonds93@elegantthemes.com'),
('ldoneldk2','Cordelia','255273','45 Thackeray Plaza','98589021','cswaffielda3@cdc.gov'),
('gosiaghailjn','Saraann','705547','9712 Boyd Road','88549791','spaulhx@blogtalkradio.com'),
('hyeandelib','Tiffi','648541','70 Ronald Regan Drive','85518927','tdoekk@eepurl.com'),
('skelle4u','Alida','526339','80 Hagan Parkway','82575544','abennettsj6@phoca.cz'),
('ogrint9o','Dwayne','429402','8 Moulton Road','88638958','dhugleqw@github.io'),
('egonnin2a','Andrej','679619','9996 Forest Dale Hill','83675881','awhathamrn@skype.com'),
('ielsmoreri','Rhianon','482805','527 Fuller Lane','94253351','rsaveallou@themeforest.net'),
('wleggisp7','Palmer','304550','8 Jay Point','90254732','pjenceyff@sitemeter.com'),
('cgoodayf','Ginnifer','095318','05506 Declaration Trail','85671326','gschout20@un.org'),
('jburstonml','Randy','504024','1046 Amoth Street','97363981','relvidgems@fastcompany.com'),
('gcornilqf','Tallia','807871','84 Morning Hill','89083748','tdibauding@sina.com.cn'),
('mriddler3n','Angelle','848372','70 Spaight Pass','97229046','amacalpinepp@un.org'),
('dlandmanmv','Robinson','890110','12244 Toban Circle','85867714','rcawood1d@sohu.com'),
('jdawne','Westbrooke','413537','0 Drewry Crossing','80510810','wtutchings3d@ameblo.jp'),
('mgrunwaldj3','Monti','778826','183 Bobwhite Street','94925313','mlimon1w@cnet.com'),
('cgiggsbx','Renado','686107','07797 Banding Avenue','80853728','rvaneedenp7@google.fr'),
('csimonelbk','Josey','673035','70 Waxwing Way','97166793','jveckd6@hugedomains.com'),
('rlunnp6','Ryun','534425','11 Transport Street','90795146','rkollaspy@blogger.com'),
('sschroeder66','Enoch','524422','3 Paget Avenue','85803293','esimakli@blinklist.com'),
('atrembathmu','Eda','563513','633 Jenifer Plaza','86808073','ekrol2@oracle.com'),
('mbennit9u','Suzette','665810','71321 Sachtjen Road','89362101','sleiden6x@dmoz.org'),
('mcadallederej','Tod','912650','28 Maryland Parkway','81680289','telsterd9@yahoo.co.jp'),
('dstanbridge5q','Abby','576698','7460 Esker Lane','84823590','akingcottm0@house.gov'),
('tsargintk7','Carr','111148','387 Canary Place','83290762','ckennewellmh@deliciousdays.com'),
('wroparsdp','Ciel','411531','5 Morning Lane','99063147','cmcquade5i@dropbox.com'),
('lbracknell56','Auguste','631705','6 Jay Center','86298152','acransonfp@wired.com'),
('mgiaomozzop5','Igor','195934','7 Surrey Drive','99298098','ilamminam3f@hhs.gov'),
('mgarretts3l','Garvy','895165','168 Coleman Pass','93951311','gcorteisrf@joomla.org'),
('krawlcliffeag','Randal','825881','94 Fulton Parkway','94538980','rpaireman9e@sun.com'),
('wfarrejx','Polly','458543','8 Starling Way','95720392','ppeverell2y@com.com'),
('bmithanlo','Timi','686380','62 Milwaukee Hill','95011037','twrate5o@washington.edu'),
('ebrailey61','Tam','889067','30 Westerfield Plaza','97067759','tgotfreyk6@xrea.com'),
('szapatero7x','Barthel','693458','691 Red Cloud Hill','90449838','bashforth1p@angelfire.com'),
('mkleise7','Dierdre','744077','700 Grim Center','82546623','dbollinns@omniture.com'),
('vboatrightbo','Margarette','995064','60186 Maple Wood Pass','87754786','mcannopeg@walmart.com'),
('elangfittae','Shandie','588513','98 Homewood Pass','81517957','sferreli2p@ucoz.com'),
('rarons9t','Liuka','442637','771 Southridge Crossing','91997037','ldegowei4@huffingtonpost.com'),
('frodwaypx','Cross','934651','738 Eastlawn Drive','88566751','ctwitty5h@walmart.com'),
('lrobertotdu','Mel','986946','6135 Trailsway Drive','80446865','mmacleanaq@arstechnica.com'),
('mpaddockiu','Issiah','318052','5769 Green Plaza','93711711','ibuttrissiy@unesco.org'),
('hgulliverj3','Emelda','949418','19818 Scofield Point','88676384','eshead9q@aol.com'),
('jpadillonw','Cate','955261','88550 Sachs Place','96951688','corgannx@marriott.com'),
('rknowlman62','Boyce','121466','3 Brentwood Avenue','91131606','bkingscotedb@nationalgeographic.com'),
('mkielty4v','Izabel','506625','9881 Kipling Terrace','81424514','iramelk2@hhs.gov'),
('lbenza1y','Kevon','820575','3 Michigan Circle','98977812','kibel2v@globo.com'),
('gmitkcov6j','Beth','397691','56 Talmadge Circle','96636667','bbeckson3j@latimes.com'),
('tpashba4c','Tommy','849937','22 Longview Avenue','91718564','tfobidgegi@t.co'),
('lmartinsonhq','Constantina','311870','448 Shelley Lane','88881048','cbroun92@yandex.ru'),
('cessamnp','Xavier','699548','10 Montana Trail','89312594','xhennemann43@privacy.gov.au'),
('jbodem0','Garret','892463','385 Garrison Pass','88962081','gkitneyjw@marriott.com'),
('gzoanetti2s','Odell','323777','35098 Elmside Circle','91358147','ocantillon76@rediff.com'),
('rortellsjo','Julianne','452013','74169 Lindbergh Circle','95296652','jmeleskp8@bravesites.com'),
('nmaiseygo','Siobhan','652336','606 Upham Court','97452639','sbenner50@miibeian.gov.cn'),
('esleightholme5y','Querida','301154','34451 Shoshone Road','93149184','qdensumbe8l@xrea.com'),
('aarundalede','Cecilla','347478','086 Jana Parkway','86909387','cdurtnallab@woothemes.com'),
('smunktonax','Broderic','134892','1 Service Point','90786690','bcoleybf@hostgator.com'),
('asayleso6','Kevyn','681200','9540 Doe Crossing Road','96677008','kcurry7g@themeforest.net'),
('mmccawg1','Allyn','006020','041 Stephen Park','94242534','aolivarikp@mtv.com'),
('sjaouencq','Les','961265','8658 Hanover Parkway','85343584','lrowatt27@free.fr'),
('vbarrowclough6l','Gabbie','669735','7 Lakewood Lane','87080480','gwysome1m@stumbleupon.com'),
('amccrowly','Herc','135640','55 Manitowish Avenue','99812715','hgave6u@simplemachines.org'),
('sfidgeha','Ernesta','795504','593 Mayfield Junction','97025757','efannerai@is.gd'),
('aomullaneyc9','Phillipp','180415','2 Browning Junction','89672767','pjewksqf@dailymotion.com'),
('ybetteneylc','Joleen','929838','1 Texas Alley','84526644','jpooke7q@hatena.ne.jp'),
('galexanderssond2','Del','420424','516 Sage Place','92067234','dwestoverj4@etsy.com'),
('jsmealki','Earvin','253633','58 Bobwhite Hill','84860109','efidelerdl@loc.gov'),
('lgercke2o','Chickie','368767','06801 Scoville Hill','88856639','cdowleygd@bbb.org'),
('agerholdhu','Lucina','018985','4 Anderson Plaza','88470955','lhosburnbp@de.vu'),
('droscamps36','Rufe','531601','8546 Park Meadow Way','96836777','rserridgerm@deliciousdays.com'),
('lvondrachgi','Annelise','452331','56 Sommers Place','82768787','acoffinoa@taobao.com'),
('lkiraoy','Gerik','773590','462 Mallard Street','92702161','gkerryar@newsvine.com'),
('lwolpert92','Antons','424334','81 Northridge Junction','98165518','arustidgepu@livejournal.com'),
('wgillicuddyhq','Merrick','255867','9447 Esch Junction','87715808','mkier6z@xinhuanet.com'),
('nproswelloe','Florie','227610','1854 Lerdahl Trail','81694463','fhingg@yandex.ru'),
('sjoberne4o','Kerry','516678','967 Stone Corner Trail','86436386','kkas49@time.com'),
('hbeigp0','Ryun','911424','013 Everett Street','98907639','rduggenhl@bloglovin.com'),
('fweaversi3','Garret','305288','3727 Hansons Pass','95765889','giremongerkr@paypal.com'),
('sdermott2c','Dun','723729','33 Lakewood Gardens Avenue','96431380','dbumpasse2@trellian.com'),
('pkettley9n','Jilleen','631769','02852 Columbus Alley','85402559','jbennennn@miibeian.gov.cn'),
('emcilhagga79','Carce','236637','562 Ridgeview Center','89973693','cwassellfw@discovery.com'),
('jrojako','Janos','695996','59373 Knutson Avenue','85277115','jedgsonkf@yale.edu'),
('hswaden4d','Florence','447714','273 Manufacturers Junction','87260793','fbensusan1o@moonfruit.com'),
('emccrostie44','Franciskus','489224','7579 Menomonie Drive','88060552','fschapirooj@oracle.com'),
('kshout8l','Teodor','313714','53060 Carpenter Court','82043913','tkimmitt31@parallels.com'),
('hhousemanl8','Aloin','491006','91015 Maryland Terrace','90476316','aonionsdd@va.gov'),
('bcolgana2','Katina','344723','604 Westridge Trail','92560045','kshutlergt@ed.gov'),
('rmaddamsa5','Dulcine','649831','91 Old Shore Alley','91943499','divkovic96@cdbaby.com'),
('gpepperdb8','Shamus','521490','13477 Hoffman Center','91366178','sprewett5d@1und1.de'),
('apensoni2','Weylin','805840','8 Monterey Lane','98666411','wradishal@pagesperso-orange.fr'),
('rcraino8','Jule','373669','80525 Dunning Terrace','92839129','jludron9y@comcast.net'),
('lkeson77','Grange','012484','951 Dayton Court','92137463','gredleych@newsvine.com'),
('vbettenaygp','Morton','957512','85666 Emmet Circle','85989418','mpetegrea5@live.com'),
('bpersittgb','Ardyce','893154','5 Merchant Terrace','92356629','acasella4h@howstuffworks.com'),
('vpinkeo7','Jenny','655395','0910 Milwaukee Pass','99666273','jgulcq6@cmu.edu'),
('eburgot5e','Hally','063238','445 Bultman Crossing','87728126','hbolgarol@stumbleupon.com'),
('krallings9k','Jimmy','306355','66 Talmadge Parkway','92672998','jmattkeqy@barnesandnoble.com'),
('gbougheyas','Lovell','558171','9353 Jana Way','85406686','llannonon@twitter.com'),
('vdibiasia','Sally','076183','7885 Lunder Hill','97417473','surling4t@google.com'),
('dchaddockb1','Angel','155093','99073 Darwin Junction','86192639','apannett6@hexun.com'),
('ymiebes5','Beth','316752','16 Kim Parkway','93854525','bcarlett2n@reuters.com'),
('lgwatkinhh','Torrance','131474','7 Bluestem Pass','95841995','tkillbypr@istockphoto.com'),
('blinturnjb','Dyann','311054','12834 Dapin Center','98619646','dmourantf7@spotify.com'),
('mhowelli5','Roana','284590','0140 Springs Alley','94015245','rperesc@canalblog.com'),
('deverton82','Livy','430423','07 Rutledge Junction','87951195','letheridgel7@tiny.cc'),
('aculrossjk','William','808949','83 Fallview Way','83150809','wdedomenici3w@princeton.edu'),
('gpauly2w','Fanni','890058','0313 Birchwood Place','88872034','fmoff2r@sogou.com'),
('scaplinnv','Dari','288812','15 Paget Crossing','90281336','dhext2m@homestead.com'),
('oivanikhin2t','Lynnell','255042','144 Dennis Crossing','87899208','lfairhurste6@eepurl.com'),
('lfain7b','Cristine','465351','8 Sachs Drive','82145346','cbartolacci6r@cisco.com'),
('socloneyq6','Carolin','882903','72440 Bobwhite Plaza','96968609','cknapton1y@salon.com'),
('vvreiberg9f','Kev','925252','529 Homewood Lane','84802702','kmatejkahd@mac.com'),
('bhillingc0','Kaitlynn','951054','20 Oriole Crossing','98393987','kmaccollommh@cdbaby.com'),
('rbugdell89','Kiley','767452','9 Maywood Parkway','97133098','kmaciaszek4m@mozilla.org'),
('twheway98','Tomkin','465410','0 Atwood Crossing','88338339','thambatchx@ed.gov'),
('cbraybrookes3i','Sharla','746681','97660 Loomis Circle','83761344','shawkwoodn@gmpg.org'),
('hreysoneg','Basil','520813','55566 Northfield Terrace','97004640','bcuniam6x@1und1.de'),
('dsingyardjz','Granny','552954','2 Scott Place','88656830','gtuveyfu@harvard.edu'),
('pmuldoon8w','Micah','250840','5247 Holmberg Road','97128030','mtadgellh2@mozilla.org'),
('bblumgg','Albina','035148','933 Hazelcrest Drive','81967023','aburgerne@plala.or.jp'),
('acrombkx','Pembroke','253242','4 Superior Circle','95163060','ppedlowin@timesonline.co.uk'),
('estreadergl','Veronique','655134','8660 Susan Road','97315936','vellwellnh@redcross.org'),
('ajeffes3f','Alecia','915894','780 Atwood Circle','95895260','abaccup2c@cpanel.net'),
('feliah5','Lola','742310','2 Melby Pass','92760037','lbennisonic@wsj.com'),
('rbarbeymj','Koenraad','805660','87 Independence Hill','85608663','kdradeykd@photobucket.com');
INSERT INTO Admin (userid) VALUES
('vshires5i'),
('egwinn9p');
INSERT INTO Pet_Owner (po_userid, credit) VALUES
('lfabri4t','3495732735576728'),
('dblaineil','7367365555342982'),
('tenstenkm','7943581377126610'),
('hfitzsymons4g','3121012545249830'),
('rlappingmf','7670358214480151'),
('rdurangc','4053849299768369'),
('vchisholmeir','8800857153600020'),
('bportingale8z','1990089948221770'),
('rheppnerms','2848926010913471'),
('gkinnieja','2497434808855092'),
('mgarnamk4','2622861656226769'),
('rgorellipw','7411447949661053'),
('omassenhoveqh','6570996881002194'),
('carmaneo','2740369836251973'),
('achesswas1','6369516121126047'),
('charpinis','2539722725797837'),
('kgoodge6b','8113509732617173'),
('zfoulis11','6571811766412929'),
('aauldb0','4908519848093786'),
('sgeorgiuscz','8970190102885352'),
('jpeetbu','6663111094001670'),
('mdarbishiremk','3387105959797431'),
('sbolderodr','7738810018224777'),
('vschulterlr','8418796483521729'),
('kliggensh4','5870646330853600'),
('djoslowgi','6026919822728765'),
('ysolleyl','2258685129491767'),
('tevery69','9098967511411773'),
('sviall9o','4882915040171658'),
('ariehmk8','3862375043275548'),
('birnysda','8695250755999934'),
('rtockeo','9194064253558063'),
('agonthardq','9973111858641199'),
('jfrancombo3','9304393365830477'),
('adallan74','5753894908439172'),
('smerwedec5','3317303317476998'),
('bfoldesk5','1573134787872337'),
('dshoppeemp','4689077649345011'),
('twarrengk','8551384689500956'),
('sdwelleyjt','9944392674321227'),
('mosgarbygy','9702658702705582'),
('lblaesqs','1159335121518936'),
('eganniclifftic','7778960022117692'),
('plamburnef5','2376168184525744'),
('jaizikowitzhg','4014334140486788'),
('kvasyuninds','2117925691207254'),
('amagrane58','7771201728703360'),
('mcurror8e','7282428152021162'),
('balvaradogx','8470565702333642'),
('aengledow5l','8816678076900957'),
('egrousejg','1453069492491610'),
('cmaxwailegu','5005624734560240'),
('cbarthelmesqh','5674375316882609'),
('akerley74','4979003129065213'),
('vhannumo9','2132814151428812'),
('kdiegoc8','5882445990411968'),
('oantwismi','1997942503915213'),
('estratzq','6957112769859065'),
('kpalisterdx','8545060791305362'),
('gdavid8','6224268466163674'),
('mtinmanjr','5140601877525506'),
('piacobini7o','5412746220290301'),
('jhryniewiczn7','4696895482257656'),
('sloranti5','7509369832330774'),
('akolodziejskii','9122243427875739'),
('nblodgettlz','3612748903093665'),
('fhursthouse93','8881127961395884'),
('ryakunin44','2787247426772389'),
('sketchdz','9974672730794383'),
('ofilder6','4526845208470998'),
('mackeroydnm','5053211383280129'),
('rtottman9j','3789140336075808'),
('ecuminegh','3809768950841734'),
('gextiljm','9308163640500462'),
('jvescoviniev','3843227897019199'),
('csimchenko94','9631609852985107'),
('bmounceyoi','1528299711505248'),
('acurrell9d','5315601131509206'),
('jobalnv','9099868177570519'),
('gchappel2x','9971056895904385'),
('bcarluccias','5351998419925645'),
('tgarrattley90','2199688384212317'),
('swerrit33','9292942063325188'),
('dmackeegfe','7862175048961012'),
('rdabrowskiov','4427711839138875'),
('jmcalarneyio','4526241538345659'),
('elefebreqx','8470970041445934'),
('mlarchierfy','5844054825241665'),
('dconverym8','3932631225382011'),
('lmackernessm9','7245626312089313'),
('cdonneely36','3108305386958151'),
('pmouncheraj','3647598321854843'),
('cvasilenko57','9791821009292656'),
('aclampett7w','7881509720041261'),
('mransburybw','8769944057576150'),
('bphilcottig','3961614186072426'),
('bcheston7e','4082516244872113'),
('jbelcham80','1044169025637261'),
('lblackford4m','6905347116203247'),
('dlinkleterdq','3732214006541561'),
('sregnardb2','2217567284928346'),
('mnoliqo','6627550428835933'),
('ncasarinios','1522970754860850'),
('gelphinstoneci','7003435527840832'),
('trolandfo','1084310652052167'),
('shutchenceqt','1275439129308798'),
('wlargemc','7910335400801960'),
('bbotlerg2','9860212435727637'),
('bsprasen9r','3734273744605133'),
('cranscombeil','6727165566262119'),
('cdivea0','8212795749060597'),
('ecalley79','8861770119306603'),
('vmcnelly7c','3876602193920108'),
('rforsdikejb','9131270883429369'),
('hderechter5o','2456281726400738'),
('mwarrenderfu','7120590731016944'),
('dsauniernm','1645536290296663'),
('mfowlec3','4375686674086701'),
('ddenisyukw','9863959753250271'),
('iguntripad','1259670417688080'),
('thagergham9u','9209368872842785'),
('bdinnis6t','8770487716116526'),
('bperrottet16','9723193434915035'),
('sjanosevicow','5122503555533642'),
('qsandyfirthih','2258444543034081'),
('troughmj','9255272306149105'),
('fparsonaged6','1989553744903809'),
('rharris55','5050096775872450'),
('sclubleyrd','2918404670725919'),
('nessex9j','2968364875752216'),
('rchatburnj9','1627889728541015'),
('tcounihane1','4719100848277911'),
('vcouthardeq','8018778311612498'),
('jdhennin3v','8290533041204918'),
('fgamlin6a','7345937785560732'),
('pivakinbm','1119914751161967'),
('vlindelofq8','4084922908409570'),
('jbearnedb','3991104233483614'),
('sogilviemb','2755103187731571'),
('njacopp','2315124100095780'),
('crembrandtly','7215620086522069'),
('mcharitybf','1930293962545905'),
('ctyrwhittd0','7948460576529778'),
('ecarng','7597696305311012'),
('rkirimaae1','6806278522875735'),
('kcornfootgv','8674296357483518'),
('screaven7l','7328610984543809'),
('kifec','7031132246840015'),
('gescreet51','2558010445934039'),
('dfernandezar','3052321744105054'),
('upignyj5','2039962077016044'),
('hbrewster2b','9212224855206901'),
('kpavlatapn','2867750765393960'),
('lkluger0','7079289319569745'),
('fcocksedgeog','8006925903592236'),
('lparksk2','6886293856914264'),
('orielly17','8050788780359941'),
('djeaycock2r','5687448345550258'),
('hbaudinsdf','6670742539468560'),
('fswannack6d','6940591845039133'),
('gdanielyoa','8198073516354861'),
('blambdinew','1672881017661656'),
('carchdeacon76','9871686049028358'),
('ajeffreysr1','1045615666098013'),
('gaffusohm','3121079332208319'),
('bpryddengy','8022345665027459'),
('adowniel5','7412283021310767'),
('rboykett9n','4508472396141978'),
('agitthouse7j','1466097852353103'),
('scringlefv','3731717397922595'),
('pspightni','8304632999438306'),
('gbrokenshaw46','8346638860049317'),
('lnicklenpd','2477866165717365'),
('cbasiliot','7828935704477273'),
('arolfea8','8679527399540525'),
('othingir','1400055737865922'),
('tjanoutj0','7863673049971541'),
('lgerckeau','4054410749600043'),
('cbonaviad5','6135723871858016'),
('fhawtin6p','1097572279804904'),
('keakly9d','3452433276001184'),
('bratledgeks','5281914630195769'),
('bsolland7','5781968013695539'),
('jhallwelldj','1686085155334139'),
('pengel2b','1273712054821819'),
('eattyin','4542638802432491'),
('abeggo1','6131886673522146'),
('ufrankcombe5h','5452504753268726'),
('aalldridgef9','3865237817858230'),
('adulwitchbx','6005678398995531'),
('akells73','2030004864911066'),
('ffuke9y','8025090722497235'),
('tbramepe','2486412753368291'),
('ilindelof3r','8912783779296487'),
('fmayesl3','2765623839493825'),
('itabourinp0','2743013468479670'),
('geverallht','5751910410016781'),
('kguppyik','5538480442489414'),
('lhillyattiw','5374727032860623'),
('rklesl1x','2708405823125022'),
('bseverwright2h','1070245208695790'),
('hdhooghe5k','6075541030020995'),
('bdallmannlp','3533412142176345'),
('bcossarq0','4303512379619560'),
('ntackesmz','2047369573554308'),
('mlauritsen84','4640990521882983'),
('escarrottgk','7475467940813779'),
('lcrufts69','3299918496991058'),
('fcrossdaleni','9469474060682991'),
('jgothliff12','5214950154945376'),
('cobradane33','9116391538577188'),
('thardan8i','8965839154885353'),
('eletchfordfw','3679170078220109'),
('mbeswetherick7c','7623396898665989'),
('blanfranchi8k','8913015782746079'),
('wdartnellek','5358428129037802'),
('eswinyardpg','6938080042091955'),
('tcoghlinez','6991373107846593'),
('oblowfelde40','1763114943912004'),
('gmakin53','3222973906894385'),
('amatusovqm','2128625853674555'),
('oslatorld','4470575796845627'),
('rcollingwoodc4','6009675958489581'),
('remersonhc','8445628410304923'),
('vzannotellik1','5434287837903461'),
('ashattock51','9783487138577624'),
('rshakesbye30','7443893880325481'),
('bcolebyha','9321640652091516'),
('hstoyle4a','6326523977784205'),
('dpischel3d','4477482178232700'),
('areinmarkp','3353681840428531'),
('mstripling67','6094626909234119'),
('rwadmanba','7940792245355128'),
('rdoblemx','7477472142397190'),
('ldoneldk2','8203008442384197'),
('gosiaghailjn','4781698704206520'),
('hyeandelib','4317352753815356'),
('skelle4u','7295482520636013'),
('ogrint9o','9383320007931584'),
('egonnin2a','5303738854848349'),
('ielsmoreri','2040786087185991'),
('wleggisp7','1120641862988093'),
('cgoodayf','7865320916510021'),
('jburstonml','8888055520786693'),
('gcornilqf','2630070411925298'),
('mriddler3n','2770342622291379'),
('dlandmanmv','3362345321589207'),
('jdawne','7987295604583755'),
('mgrunwaldj3','2955297389510873'),
('cgiggsbx','6700834375250506'),
('csimonelbk','7277483553834879'),
('rlunnp6','9442379384531085'),
('sschroeder66','5984241961287493'),
('atrembathmu','5149920169643323'),
('mbennit9u','5115635531502985'),
('mcadallederej','7742366926620886'),
('dstanbridge5q','9824061542483219'),
('tsargintk7','1589968399665995'),
('wroparsdp','4859531297714444'),
('lbracknell56','7738561884008657'),
('mgiaomozzop5','4623456796873221'),
('mgarretts3l','7314242186066603'),
('krawlcliffeag','3458221560800158'),
('wfarrejx','5410911132402647'),
('bmithanlo','7015385999398055'),
('ebrailey61','5011347328798836'),
('szapatero7x','4278989287241339'),
('mkleise7','8334915800040786'),
('vboatrightbo','5551664567624154'),
('elangfittae','1141234451366935'),
('rarons9t','7467939178437890'),
('frodwaypx','6130425768337596'),
('lrobertotdu','3088151395677602'),
('mpaddockiu','2394224997383701'),
('hgulliverj3','7028464420075948'),
('jpadillonw','2261646895452949'),
('rknowlman62','6299908457013925'),
('mkielty4v','4785000111378036'),
('lbenza1y','6793159687635457'),
('gmitkcov6j','4536690190775838'),
('tpashba4c','5994341932727120'),
('lmartinsonhq','4849449865169911'),
('cessamnp','4399821060463110'),
('jbodem0','6481428968212966'),
('gzoanetti2s','8918366279185333'),
('rortellsjo','6216783510916271'),
('nmaiseygo','2898054230519759'),
('esleightholme5y','2748631185080384'),
('aarundalede','9293363884062186'),
('smunktonax','4084778457410585'),
('asayleso6','7206062544206394'),
('mmccawg1','6394210156880775'),
('sjaouencq','5513000142995931'),
('vbarrowclough6l','3720460796707007'),
('amccrowly','7755095770889318'),
('sfidgeha','6269993708329892'),
('aomullaneyc9','9453368647260884'),
('ybetteneylc','8330712975280574'),
('galexanderssond2','9325388959308774'),
('jsmealki','6767206907472155'),
('lgercke2o','7013350660134594'),
('agerholdhu','8945514720880542'),
('droscamps36','5972123025812618'),
('lvondrachgi','8771624214849333'),
('lkiraoy','3807621036399285'),
('lwolpert92','8192845690681090'),
('wgillicuddyhq','6358303267813984'),
('nproswelloe','8550833221211552'),
('sjoberne4o','1996955404979936'),
('hbeigp0','6658374199143858'),
('fweaversi3','8920019502649623'),
('sdermott2c','8552235400897264'),
('pkettley9n','5832388701971503'),
('emcilhagga79','1556171000748456'),
('jrojako','4406823917092483'),
('hswaden4d','3032931632638907'),
('emccrostie44','7675164664633396'),
('kshout8l','4518753019865069'),
('hhousemanl8','5218336621270490'),
('bcolgana2','8156669557789984'),
('rmaddamsa5','4368449966970497'),
('gpepperdb8','4404451751741674'),
('apensoni2','7674740929122089'),
('rcraino8','9507404877503043'),
('lkeson77','2498492803610674'),
('vbettenaygp','5576082566565676'),
('bpersittgb','5389015279576462'),
('vpinkeo7','2563609409569265'),
('eburgot5e','8948985654634596'),
('krallings9k','8422688047340264'),
('gbougheyas','6875732136545251'),
('vdibiasia','2419812960623453'),
('dchaddockb1','5842348637906500'),
('ymiebes5','2700044431920225'),
('lgwatkinhh','8468081010678981'),
('blinturnjb','5886003671495509'),
('mhowelli5','5304288026921520'),
('deverton82','7306218180499937'),
('aculrossjk','8536988453329693'),
('gpauly2w','3049759786334577'),
('scaplinnv','9204358984517833'),
('oivanikhin2t','5365934571033831'),
('lfain7b','8925948588689469'),
('socloneyq6','9478124318047637');
INSERT INTO Caretaker (ct_userid, bank_acc, full_time) VALUES
('vvreiberg9f', '2006351805', TRUE),
('twheway98', '7397575288', TRUE),
('dsingyardjz', '5449560136', TRUE),
('ajeffes3f', '8235027711', TRUE),
('aculrossjk', '4475775079', TRUE),
('gpauly2w', '6538946351', TRUE),
('oivanikhin2t', '2839500220', TRUE),
('bblumgg', '4568811268', TRUE),
('socloneyq6', '1719648140', TRUE),
('cbraybrookes3i', '3329547246', TRUE),
('rbarbeymj', '9115164290', TRUE),
('rbugdell89', '7330870800', FALSE),
('deverton82', '7510796263', FALSE),
('acrombkx', '8271833081', FALSE),
('estreadergl', '2353615801', FALSE),
('scaplinnv', '5017084720', FALSE),
('pmuldoon8w', '9827317995', FALSE),
('mhowelli5', '5401024521', FALSE),
('hreysoneg', '7175606769', FALSE),
('bhillingc0', '9760625422', FALSE),
('lfain7b', '2109077548', FALSE),
('feliah5', '6993915811', FALSE);
INSERT INTO Pet_Type (pet_type, price) VALUES
('Dog', 68.71),
('Cat', 65.54),
('Rabbit', 62.7),
('Guinea pig', 56.42),
('Hamster', 59.44),
('Gerbil', 63.66),
('Mouse', 65.62),
('Chinchilla', 66.25);
INSERT INTO PT_validpet (ct_userid, pet_type, price) VALUES
('rbugdell89', 'Dog', 119.38496320602653),
('deverton82', 'Dog', 80),
('scaplinnv', 'Dog', 125.37649343125781),
('pmuldoon8w', 'Dog', 112.1552864429587),
('hreysoneg', 'Dog', 105.16186970533302),
('bhillingc0', 'Dog', 101.43359722606283),
('lfain7b', 'Dog', 114.39150072442135),
('feliah5', 'Dog', 84.39989345781261),
('rbugdell89', 'Cat', 97.05706057357932),
('deverton82', 'Cat', 99.021208987019),
('acrombkx', 'Cat', 83.02956702942474),
('estreadergl', 'Cat', 95.05735120084128),
('scaplinnv', 'Cat', 80),
('pmuldoon8w', 'Cat', 99.55082381559797),
('hreysoneg', 'Cat', 85.17713287568293),
('bhillingc0', 'Cat', 87.71396015749977),
('lfain7b', 'Cat', 124.37076372696339),
('feliah5', 'Cat', 111.14465121998833),
('rbugdell89', 'Rabbit', 82.84592016704192),
('estreadergl', 'Rabbit', 101.71156229159185),
('scaplinnv', 'Rabbit', 109.14416228943543),
('pmuldoon8w', 'Rabbit', 81.57020355743097),
('mhowelli5', 'Rabbit', 118.73538935103215),
('bhillingc0', 'Rabbit', 89.4353634794277),
('lfain7b', 'Rabbit', 153.22930861006182),
('feliah5', 'Rabbit', 93.89706526217148),
('rbugdell89', 'Guinea pig', 60),
('bhillingc0', 'Guinea pig', 70.12806051817415),
('lfain7b', 'Guinea pig', 65.89663080479123),
('rbugdell89', 'Hamster', 59.643560527395856),
('acrombkx', 'Hamster', 64.24418958597383),
('pmuldoon8w', 'Hamster', 58.77238923481858),
('hreysoneg', 'Hamster', 74.17668328530092),
('bhillingc0', 'Hamster', 81.33986097699506),
('lfain7b', 'Hamster', 64.37584384732922),
('acrombkx', 'Gerbil', 50.61063952143954),
('estreadergl', 'Gerbil', 65.34514958733452),
('mhowelli5', 'Chinchilla', 81.52490761592664);
INSERT INTO FT_validpet (ct_userid, pet_type) VALUES
('vvreiberg9f', 'Dog'),
('twheway98', 'Dog'),
('dsingyardjz', 'Dog'),
('aculrossjk', 'Dog'),
('gpauly2w', 'Dog'),
('bblumgg', 'Dog'),
('socloneyq6', 'Dog'),
('cbraybrookes3i', 'Dog'),
('rbarbeymj', 'Dog'),
('vvreiberg9f', 'Cat'),
('twheway98', 'Cat'),
('dsingyardjz', 'Cat'),
('ajeffes3f', 'Cat'),
('aculrossjk', 'Cat'),
('gpauly2w', 'Cat'),
('bblumgg', 'Cat'),
('socloneyq6', 'Cat'),
('cbraybrookes3i', 'Cat'),
('vvreiberg9f', 'Rabbit'),
('dsingyardjz', 'Rabbit'),
('aculrossjk', 'Rabbit'),
('socloneyq6', 'Rabbit'),
('cbraybrookes3i', 'Rabbit'),
('bblumgg', 'Guinea pig'),
('cbraybrookes3i', 'Guinea pig'),
('dsingyardjz', 'Hamster'),
('ajeffes3f', 'Hamster'),
('vvreiberg9f', 'Gerbil'),
('gpauly2w', 'Chinchilla'),
('oivanikhin2t', 'Chinchilla'),
('bblumgg', 'Chinchilla'),
('rbarbeymj', 'Chinchilla');
INSERT INTO Pet (po_userid, pet_name, dead, birthday, spec_req, pet_type) VALUES
('lfabri4t', 'Issiaty', 0, '2015-02-13', 'Likes to skip meals', 'Chinchilla'),
('lfabri4t', 'Wordety', 0, '2014-09-05', 'Hates showering', 'Dog'),
('dblaineil', 'Darlenty', 0, '2010-08-26', 'Calm', 'Cat'),
('dblaineil', 'Geoffrty', 0, '2010-10-20', 'Requires lots of exercise, Careful', 'Rabbit'),
('tenstenkm', 'Laureety', 0, '2011-08-09', 'Mild', 'Dog'),
('tenstenkm', 'Domingty', 0, '2018-10-07', 'Prefers to be alone', 'Chinchilla'),
('hfitzsymons4g', 'Queridty', 0, '2012-08-02', 'Bold', 'Dog'),
('hfitzsymons4g', 'Bordty', 0, '2013-08-09', 'Hates showering', 'Dog'),
('rlappingmf', 'Phillipty', 0, '2019-07-30', 'Prefers to be alone', 'Dog'),
('rlappingmf', 'Shandity', 0, '2011-01-19', 'Requires a shower', 'Cat'),
('rdurangc', 'Jennty', 0, '2016-03-20', 'Modest', 'Cat'),
('rdurangc', 'Audrty', 0, '2015-03-15', 'Calm, Naughty, Sassy, Gentle', 'Dog'),
('vchisholmeir', 'Delcinty', 0, '2013-07-16', 'Hasty', 'Chinchilla'),
('vchisholmeir', 'Andromachty', 0, '2010-09-03', 'Sassy', 'Dog'),
('bportingale8z', 'Levty', 0, '2015-07-15', 'Impish', 'Dog'),
('bportingale8z', 'Ardty', 0, '2017-04-30', 'Mild, Hates showering, Timid, Requires a shower', 'Cat'),
('rheppnerms', 'Renadty', 0, '2020-04-11', 'Naive', 'Dog'),
('rheppnerms', 'Marlty', 0, '2017-01-16', 'Quirky', 'Dog'),
('gkinnieja', 'Rutgety', 0, '2011-03-22', 'Likes to skip meals, Bold', 'Dog'),
('gkinnieja', 'Elspetty', 0, '2016-02-10', 'Hardy', 'Cat'),
('mgarnamk4', 'Alecity', 0, '2011-04-28', 'Gentle, Calm', 'Cat'),
('mgarnamk4', 'Emmyty', 0, '2012-05-12', 'Quirky', 'Chinchilla'),
('mgarnamk4', 'Alforty', 0, '2018-09-10', 'Calm', 'Cat'),
('rgorellipw', 'Kimblty', 0, '2016-10-11', 'Quirky', 'Cat'),
('rgorellipw', 'Torrancty', 0, '2017-11-04', 'Vegetarian diet', 'Chinchilla'),
('omassenhoveqh', 'Brynnty', 0, '2010-04-21', 'Careful, Gentle, Sassy', 'Rabbit'),
('omassenhoveqh', 'Saudrty', 0, '2010-03-10', 'Bashful, Hardy, Lax', 'Cat'),
('carmaneo', 'Raynarty', 0, '2017-02-19', 'Brave, On a diet', 'Rabbit'),
('carmaneo', 'Laurty', 0, '2014-11-03', 'Bold', 'Dog'),
('achesswas1', 'Carty', 0, '2018-07-19', 'Bold', 'Dog'),
('achesswas1', 'Lolty', 0, '2018-07-09', 'Impish', 'Hamster'),
('charpinis', 'Steffty', 0, '2011-12-07', 'Naive', 'Chinchilla'),
('charpinis', 'Tiffty', 0, '2014-11-15', 'Rash, Calm', 'Cat'),
('kgoodge6b', 'Carcty', 0, '2014-10-09', 'Meat-only diet', 'Cat'),
('kgoodge6b', 'Vickty', 0, '2018-05-19', 'Brave', 'Guinea pig'),
('zfoulis11', 'Willettty', 0, '2016-03-06', 'Careful, Gentle', 'Rabbit'),
('zfoulis11', 'Nielty', 0, '2020-03-04', 'Vegetarian diet, Hardy', 'Guinea pig'),
('aauldb0', 'Sharlty', 0, '2013-11-16', 'Hates showering', 'Gerbil'),
('aauldb0', 'Godivty', 0, '2011-05-29', 'Jolly', 'Dog'),
('sgeorgiuscz', 'Betty', 0, '2011-05-31', 'Requires lots of exercise', 'Chinchilla'),
('sgeorgiuscz', 'Ursulinty', 0, '2010-03-30', 'Quirky', 'Chinchilla'),
('jpeetbu', 'Herolty', 0, '2018-01-26', 'Vegetarian diet, Requires an early dinner', 'Cat'),
('jpeetbu', 'Shaylaty', 0, '2014-10-16', 'Requires lots of exercise', 'Dog'),
('mdarbishiremk', 'Genvievty', 0, '2014-08-13', 'Naive', 'Rabbit'),
('mdarbishiremk', 'Reillty', 0, '2012-06-26', 'Quirky', 'Hamster'),
('sbolderodr', 'Cristinty', 0, '2011-08-16', 'Bashful, Lax', 'Cat'),
('sbolderodr', 'Jilleety', 0, '2017-01-02', 'Requires a shower, Prefers company', 'Chinchilla'),
('vschulterlr', 'Neroty', 0, '2011-05-13', 'Naive', 'Cat'),
('vschulterlr', 'Betty', 0, '2013-12-20', 'Modest, Hasty, Prefers to be alone, Bold', 'Dog'),
('kliggensh4', 'Siobhaty', 0, '2011-04-05', 'Bashful', 'Dog'),
('kliggensh4', 'Douglaty', 0, '2016-07-10', 'Quirky', 'Cat'),
('djoslowgi', 'Dwaynty', 0, '2017-04-27', 'On a diet', 'Dog'),
('djoslowgi', 'Carinty', 0, '2010-06-16', 'Meat-only diet', 'Cat'),
('ysolleyl', 'Ciety', 0, '2010-04-12', 'Relaxed', 'Rabbit'),
('ysolleyl', 'Shamuty', 0, '2014-06-12', 'Hates showering', 'Dog'),
('tevery69', 'Nobty', 0, '2018-02-06', 'Gentle', 'Rabbit'),
('tevery69', 'Merlty', 0, '2012-03-17', 'Lax', 'Cat'),
('sviall9o', 'Christity', 0, '2010-04-26', 'Hardy', 'Cat'),
('sviall9o', 'Josety', 0, '2017-06-29', 'Vegetarian diet, Hasty', 'Dog'),
('ariehmk8', 'Audryty', 0, '2015-01-03', 'Modest', 'Cat'),
('ariehmk8', 'Blaity', 0, '2010-04-28', 'Serious', 'Cat'),
('birnysda', 'Audryty', 0, '2018-06-02', 'Prefers to be alone', 'Cat'),
('birnysda', 'Alidty', 0, '2017-12-17', 'Prefers company', 'Dog'),
('rtockeo', 'Phillipty', 0, '2015-04-19', 'Timid, Requires an early dinner', 'Cat'),
('rtockeo', 'Kevoty', 0, '2012-06-18', 'Vegetarian diet', 'Hamster'),
('agonthardq', 'Maity', 0, '2010-06-27', 'Quiet, On a diet, Brave, Rash, Meat-only diet', 'Rabbit'),
('agonthardq', 'Theodority', 0, '2014-09-14', 'Naive', 'Cat'),
('jfrancombo3', 'Carcty', 0, '2016-08-04', 'Bashful', 'Cat'),
('jfrancombo3', 'Astrty', 0, '2013-12-08', 'Calm', 'Rabbit'),
('adallan74', 'Alforty', 0, '2015-02-12', 'Impish', 'Cat'),
('adallan74', 'Teresty', 0, '2015-08-28', 'Serious, Relaxed', 'Cat'),
('smerwedec5', 'Jeddty', 0, '2014-12-08', 'Timid', 'Cat'),
('smerwedec5', 'Jimmty', 0, '2019-02-09', 'Meat-only diet, On a diet', 'Cat'),
('smerwedec5', 'Verenty', 0, '2020-05-19', 'Docile', 'Dog'),
('bfoldesk5', 'Suzettty', 0, '2015-03-12', 'Lonely', 'Cat'),
('bfoldesk5', 'Saudrty', 0, '2017-12-09', 'Quiet', 'Cat'),
('dshoppeemp', 'Bettinty', 0, '2012-07-19', 'Quirky', 'Rabbit'),
('dshoppeemp', 'Rinty', 0, '2014-04-11', 'Impish', 'Cat'),
('twarrengk', 'Hollty', 0, '2013-07-21', 'Timid', 'Cat'),
('twarrengk', 'Herolty', 0, '2020-02-29', 'Prefers company, Rash', 'Dog'),
('sdwelleyjt', 'Katrinty', 0, '2012-10-30', 'Requires an early dinner, Likes to skip meals', 'Cat'),
('sdwelleyjt', 'Micaty', 0, '2017-06-08', 'Mild', 'Rabbit'),
('mosgarbygy', 'Monroty', 0, '2019-06-30', 'Likes to skip meals, Impish', 'Chinchilla'),
('mosgarbygy', 'Cissiety', 0, '2015-02-05', 'Sassy, Serious', 'Cat'),
('lblaesqs', 'Cristinty', 0, '2013-08-24', 'Bashful, Mild, Sassy', 'Cat'),
('lblaesqs', 'Georgity', 0, '2015-05-19', 'Hasty', 'Dog'),
('eganniclifftic', 'Tadty', 0, '2013-05-21', 'Requires a shower', 'Chinchilla'),
('eganniclifftic', 'Catrinty', 0, '2014-11-16', 'Impish', 'Chinchilla'),
('plamburnef5', 'Kennitty', 0, '2010-07-07', 'Quirky, Bold, Serious', 'Rabbit'),
('plamburnef5', 'Fayty', 0, '2020-01-12', 'Jolly', 'Hamster'),
('jaizikowitzhg', 'Maurty', 0, '2014-05-02', 'Rash, Sassy', 'Cat'),
('jaizikowitzhg', 'Livty', 0, '2011-02-23', 'Requires a shower, Prefers to be alone', 'Cat'),
('kvasyuninds', 'Luisty', 0, '2013-09-20', 'Rash', 'Cat'),
('kvasyuninds', 'Liukty', 0, '2016-11-15', 'Requires lots of exercise', 'Cat'),
('amagrane58', 'Koenraaty', 0, '2013-06-06', 'Docile, Sassy', 'Dog'),
('amagrane58', 'Dolpty', 0, '2014-11-05', 'Docile, Requires lots of exercise, Requires a shower', 'Dog'),
('mcurror8e', 'Bettinty', 0, '2016-04-17', 'Jolly, Meat-only diet, Requires an early dinner, Sassy', 'Dog'),
('mcurror8e', 'Tomkity', 0, '2019-01-04', 'Prefers company', 'Rabbit'),
('balvaradogx', 'Sallty', 0, '2016-11-22', 'Gentle', 'Cat'),
('balvaradogx', 'Emmty', 0, '2010-01-13', 'Calm, Bold, Naughty, Requires lots of exercise', 'Dog'),
('aengledow5l', 'Marjty', 0, '2018-06-03', 'On a diet', 'Rabbit'),
('aengledow5l', 'Dierdrty', 0, '2010-11-12', 'On a diet', 'Dog'),
('egrousejg', 'Kimblty', 0, '2019-03-19', 'Meat-only diet', 'Cat'),
('egrousejg', 'Ignaciuty', 0, '2018-09-26', 'Adamant, Impish', 'Guinea pig'),
('cmaxwailegu', 'Bartety', 0, '2011-11-03', 'Quiet', 'Rabbit'),
('cmaxwailegu', 'Laurty', 0, '2010-02-03', 'Requires an early dinner', 'Chinchilla'),
('cbarthelmesqh', 'Luisty', 0, '2010-06-26', 'Bold', 'Chinchilla'),
('cbarthelmesqh', 'Christity', 0, '2013-04-16', 'Meat-only diet', 'Chinchilla'),
('akerley74', 'Willettty', 0, '2010-04-06', 'Vegetarian diet', 'Chinchilla'),
('akerley74', 'Cecillty', 0, '2013-03-07', 'Meat-only diet', 'Guinea pig'),
('vhannumo9', 'Geoffrty', 0, '2017-10-30', 'Adamant', 'Dog'),
('vhannumo9', 'Bartety', 0, '2015-11-11', 'Quiet', 'Rabbit'),
('kdiegoc8', 'Ardty', 0, '2012-01-26', 'Careful', 'Cat'),
('kdiegoc8', 'Kality', 0, '2011-09-12', 'Vegetarian diet', 'Cat'),
('kdiegoc8', 'Thomaty', 0, '2013-10-23', 'Hates showering, Impish, Bold', 'Chinchilla'),
('oantwismi', 'Tamarrty', 0, '2014-03-24', 'Impish, Brave', 'Cat'),
('oantwismi', 'Gabbity', 0, '2013-02-20', 'Quiet', 'Hamster'),
('estratzq', 'Rogerty', 0, '2010-03-27', 'Lonely', 'Cat'),
('estratzq', 'Melisandty', 0, '2014-11-28', 'Naive', 'Chinchilla'),
('kpalisterdx', 'Cissiety', 0, '2012-02-07', 'Bashful', 'Dog'),
('kpalisterdx', 'Liukty', 0, '2017-01-29', 'Relaxed', 'Dog'),
('gdavid8', 'Annelisty', 0, '2015-06-11', 'Naive', 'Chinchilla'),
('gdavid8', 'Nikoloty', 0, '2019-01-19', 'Docile', 'Dog'),
('mtinmanjr', 'Jimmty', 0, '2012-04-06', 'Careful', 'Cat'),
('mtinmanjr', 'Melindty', 0, '2011-01-28', 'Likes to skip meals', 'Chinchilla'),
('piacobini7o', 'Astrty', 0, '2012-04-18', 'Requires a shower, Naive', 'Dog'),
('piacobini7o', 'Nettity', 0, '2014-07-13', 'Calm', 'Cat'),
('jhryniewiczn7', 'Dahlity', 0, '2011-06-29', 'Naughty, Hasty, Serious', 'Dog'),
('jhryniewiczn7', 'Editty', 0, '2016-03-28', 'Prefers to be alone, Bold', 'Chinchilla'),
('sloranti5', 'Julity', 0, '2017-10-15', 'Sassy', 'Dog'),
('sloranti5', 'Salomty', 0, '2014-07-10', 'Calm', 'Cat'),
('akolodziejskii', 'Lucinty', 0, '2020-01-13', 'Mild', 'Dog'),
('akolodziejskii', 'Shamuty', 0, '2019-12-24', 'Meat-only diet', 'Gerbil'),
('nblodgettlz', 'Malorty', 0, '2012-11-04', 'Jolly', 'Dog'),
('nblodgettlz', 'Taty', 0, '2019-04-29', 'Brave', 'Dog'),
('fhursthouse93', 'Andrety', 0, '2014-01-30', 'Modest', 'Chinchilla'),
('fhursthouse93', 'Babty', 0, '2019-07-11', 'Rash', 'Dog'),
('ryakunin44', 'Blaity', 0, '2010-02-23', 'Naughty, Lax', 'Chinchilla'),
('ryakunin44', 'Gennty', 0, '2012-04-03', 'Impish, Careful, Likes to skip meals', 'Cat'),
('ryakunin44', 'Flority', 0, '2015-11-03', 'Hates showering, Sassy', 'Cat'),
('sketchdz', 'Sheilakathryty', 0, '2018-05-11', 'Vegetarian diet', 'Mouse'),
('sketchdz', 'Pembrokty', 0, '2018-06-28', 'Quiet, Vegetarian diet', 'Rabbit'),
('ofilder6', 'Carinty', 0, '2019-10-18', 'Meat-only diet', 'Rabbit'),
('ofilder6', 'Genvievty', 0, '2013-08-15', 'Gentle', 'Dog'),
('mackeroydnm', 'Rogerty', 0, '2012-05-18', 'Calm', 'Cat'),
('mackeroydnm', 'Darty', 0, '2012-06-13', 'Rash, Naive', 'Rabbit'),
('rtottman9j', 'Giulity', 0, '2019-12-19', 'On a diet', 'Rabbit'),
('rtottman9j', 'Raynarty', 0, '2018-06-19', 'Quiet', 'Cat'),
('ecuminegh', 'Suzettty', 0, '2018-03-24', 'Requires a shower', 'Dog'),
('ecuminegh', 'Gartty', 0, '2013-07-20', 'Careful, Adamant', 'Dog'),
('gextiljm', 'Helyty', 0, '2018-05-14', 'Bashful', 'Cat'),
('gextiljm', 'Duty', 0, '2014-02-19', 'Naive, Requires an early dinner', 'Dog'),
('jvescoviniev', 'Mauristy', 0, '2010-10-31', 'Requires lots of exercise', 'Rabbit'),
('jvescoviniev', 'Alidty', 0, '2013-01-25', 'Requires a shower', 'Gerbil'),
('csimchenko94', 'Tadty', 0, '2018-06-24', 'Lax', 'Hamster'),
('csimchenko94', 'Dolpty', 0, '2016-04-30', 'Jolly, Timid, Bold, Prefers company', 'Dog'),
('bmounceyoi', 'Randty', 0, '2018-07-25', 'Calm', 'Dog'),
('bmounceyoi', 'Malorty', 0, '2019-06-05', 'Quiet', 'Dog'),
('acurrell9d', 'Gracty', 0, '2018-04-19', 'Brave', 'Chinchilla'),
('acurrell9d', 'Heindricty', 0, '2014-06-19', 'Timid', 'Guinea pig'),
('jobalnv', 'Agnetty', 0, '2019-12-11', 'Serious', 'Cat'),
('jobalnv', 'Hortoty', 0, '2010-08-15', 'Modest, Requires a shower', 'Chinchilla'),
('gchappel2x', 'Arty', 0, '2019-12-04', 'Prefers company, Modest', 'Dog'),
('gchappel2x', 'Sylaty', 0, '2012-02-13', 'Lax', 'Guinea pig'),
('bcarluccias', 'Johannety', 0, '2010-08-06', 'Modest', 'Dog'),
('bcarluccias', 'Melisandty', 0, '2019-12-29', 'Rash', 'Dog'),
('tgarrattley90', 'Gregorty', 0, '2013-12-05', 'Hardy', 'Chinchilla'),
('tgarrattley90', 'Olivety', 0, '2016-08-20', 'Impish', 'Cat'),
('swerrit33', 'Julity', 0, '2018-08-10', 'Calm', 'Cat'),
('swerrit33', 'Boycty', 0, '2018-08-15', 'Modest, Brave', 'Chinchilla'),
('dmackeegfe', 'Cecillty', 0, '2014-06-03', 'Likes to skip meals', 'Cat'),
('dmackeegfe', 'Nolty', 0, '2019-04-08', 'Prefers company', 'Rabbit'),
('rdabrowskiov', 'Isidorty', 0, '2011-01-03', 'Vegetarian diet', 'Dog'),
('rdabrowskiov', 'Toty', 0, '2013-02-13', 'Prefers company', 'Dog'),
('rdabrowskiov', 'Sallty', 0, '2019-12-19', 'Lonely', 'Cat'),
('jmcalarneyio', 'Jackity', 0, '2018-08-09', 'Docile', 'Dog'),
('jmcalarneyio', 'Shamuty', 0, '2015-12-20', 'Hates showering, Hardy', 'Dog'),
('elefebreqx', 'Neroty', 0, '2019-05-22', 'Bashful', 'Chinchilla'),
('elefebreqx', 'Christoffety', 0, '2017-12-10', 'Prefers company', 'Dog'),
('mlarchierfy', 'Jackity', 0, '2011-11-23', 'Hardy', 'Dog'),
('mlarchierfy', 'Domingty', 0, '2018-12-09', 'Quiet', 'Cat'),
('dconverym8', 'Kerrty', 0, '2013-09-20', 'Jolly', 'Dog'),
('dconverym8', 'Christoffety', 0, '2010-11-08', 'Vegetarian diet, Rash', 'Cat'),
('dconverym8', 'Juliannty', 0, '2016-12-10', 'Hasty', 'Cat'),
('lmackernessm9', 'Margarettty', 0, '2013-04-08', 'Requires an early dinner', 'Dog'),
('lmackernessm9', 'Robinety', 0, '2018-06-15', 'Careful, Timid, Gentle, Prefers to be alone, Mild', 'Cat'),
('cdonneely36', 'Steffty', 0, '2015-04-10', 'Naughty, Prefers company', 'Cat'),
('cdonneely36', 'Aloity', 0, '2017-01-11', 'Brave', 'Dog'),
('pmouncheraj', 'Tiffty', 0, '2016-03-28', 'Prefers company, Careful', 'Rabbit'),
('pmouncheraj', 'Kevyty', 0, '2014-11-12', 'Serious', 'Cat'),
('cvasilenko57', 'Hortoty', 0, '2010-06-27', 'Lax', 'Hamster'),
('cvasilenko57', 'Dominicty', 0, '2019-05-23', 'Serious, Naughty', 'Cat'),
('aclampett7w', 'Chancety', 0, '2018-08-20', 'Prefers company', 'Cat'),
('aclampett7w', 'Augustty', 0, '2015-08-31', 'Requires a shower', 'Cat'),
('mransburybw', 'Taty', 0, '2019-02-08', 'Hates showering', 'Cat'),
('mransburybw', 'Dety', 0, '2010-08-21', 'On a diet', 'Rabbit'),
('mransburybw', 'Fayty', 0, '2013-05-11', 'Sassy, Mild', 'Guinea pig'),
('bphilcottig', 'Robinety', 0, '2020-01-29', 'Calm', 'Cat'),
('bphilcottig', 'Giulity', 0, '2018-11-16', 'Lonely, Jolly', 'Dog'),
('bcheston7e', 'Hality', 0, '2018-09-14', 'Mild', 'Chinchilla'),
('bcheston7e', 'Teresty', 0, '2018-05-18', 'Quiet', 'Cat'),
('jbelcham80', 'Helyty', 0, '2012-08-18', 'On a diet', 'Cat'),
('jbelcham80', 'Sabinty', 0, '2017-04-04', 'Requires an early dinner', 'Rabbit'),
('lblackford4m', 'Grannty', 0, '2011-06-10', 'Timid, Hasty', 'Cat'),
('lblackford4m', 'Taryty', 0, '2010-09-11', 'Hates showering, Jolly', 'Dog'),
('dlinkleterdq', 'Boycty', 0, '2015-05-10', 'Bashful', 'Cat'),
('dlinkleterdq', 'Carcty', 0, '2013-09-18', 'Brave', 'Chinchilla'),
('dlinkleterdq', 'Carcty', 1, '2015-06-19', 'Hasty', 'Dog'),
('sregnardb2', 'Hattty', 0, '2016-11-28', 'Timid', 'Rabbit'),
('sregnardb2', 'Cecillty', 0, '2010-06-03', 'Requires lots of exercise', 'Guinea pig'),
('mnoliqo', 'Rickity', 0, '2018-05-09', 'Requires an early dinner', 'Cat'),
('mnoliqo', 'Brynnty', 0, '2015-08-03', 'On a diet', 'Dog'),
('ncasarinios', 'Aloity', 0, '2019-09-10', 'Lax, Bold', 'Cat'),
('ncasarinios', 'Anatolty', 0, '2016-03-29', 'Modest', 'Dog'),
('gelphinstoneci', 'Carcty', 0, '2015-05-14', 'Lax', 'Hamster'),
('gelphinstoneci', 'Earvity', 0, '2018-05-21', 'Prefers company', 'Chinchilla'),
('trolandfo', 'Merlty', 0, '2013-06-18', 'Likes to skip meals', 'Hamster'),
('trolandfo', 'Isidorty', 0, '2017-09-04', 'Modest', 'Chinchilla'),
('shutchenceqt', 'Heindricty', 0, '2010-01-22', 'Careful, Bashful', 'Dog'),
('shutchenceqt', 'Ignaciuty', 0, '2014-11-02', 'Relaxed, Careful, Impish', 'Dog'),
('wlargemc', 'Malissty', 0, '2011-02-03', 'Lax', 'Dog'),
('wlargemc', 'Laureety', 0, '2014-01-02', 'Prefers to be alone', 'Cat'),
('bbotlerg2', 'Mety', 0, '2015-06-18', 'Hardy', 'Hamster'),
('bbotlerg2', 'Humfriety', 0, '2013-03-09', 'Serious, Vegetarian diet', 'Rabbit'),
('bbotlerg2', 'Angety', 0, '2016-02-02', 'On a diet, Mild', 'Hamster'),
('bsprasen9r', 'Chandlety', 0, '2016-02-20', 'Timid', 'Cat'),
('bsprasen9r', 'Margarettty', 0, '2011-10-22', 'Timid, Bashful', 'Dog'),
('cranscombeil', 'Ardinty', 0, '2013-08-11', 'Hasty, On a diet', 'Chinchilla'),
('cranscombeil', 'Trity', 0, '2012-05-14', 'Prefers company, Lax', 'Cat'),
('cdivea0', 'Tiffty', 0, '2013-03-19', 'Mild, Sassy', 'Chinchilla'),
('cdivea0', 'Trumainty', 0, '2017-04-12', 'Brave', 'Mouse'),
('ecalley79', 'Ardinty', 0, '2010-10-29', 'Sassy, Rash', 'Dog'),
('ecalley79', 'Eduardty', 0, '2018-04-22', 'Quiet', 'Cat'),
('vmcnelly7c', 'Nikoloty', 0, '2019-11-17', 'Docile, Modest', 'Dog'),
('vmcnelly7c', 'Saudrty', 0, '2011-08-21', 'Bashful', 'Cat'),
('rforsdikejb', 'Carcty', 0, '2015-08-14', 'Prefers company, Prefers to be alone', 'Cat'),
('rforsdikejb', 'Shaylaty', 0, '2010-11-04', 'Serious', 'Cat'),
('hderechter5o', 'Thomaty', 0, '2010-09-20', 'Likes to skip meals', 'Cat'),
('hderechter5o', 'Nielty', 0, '2017-09-14', 'Serious', 'Cat'),
('mwarrenderfu', 'Humfriety', 0, '2010-01-29', 'Hates showering', 'Mouse'),
('mwarrenderfu', 'Masoty', 0, '2010-06-15', 'Lax, Prefers company', 'Cat'),
('dsauniernm', 'Reillty', 0, '2011-10-26', 'Requires lots of exercise', 'Cat'),
('dsauniernm', 'Ginnifety', 0, '2014-10-13', 'Calm', 'Rabbit'),
('mfowlec3', 'Phillidty', 0, '2020-03-04', 'Hardy, On a diet', 'Hamster'),
('mfowlec3', 'Abbty', 0, '2019-12-20', 'Modest', 'Dog'),
('mfowlec3', 'Abbty', 1, '2010-04-05', 'Gentle', 'Cat'),
('ddenisyukw', 'Tommty', 0, '2011-12-23', 'Modest', 'Cat'),
('ddenisyukw', 'Jolity', 0, '2013-02-07', 'Lax, Quirky', 'Dog'),
('iguntripad', 'Saudrty', 0, '2013-09-27', 'Lax, Sassy', 'Dog'),
('iguntripad', 'Clementity', 0, '2014-01-07', 'Modest', 'Dog'),
('thagergham9u', 'Emeldty', 0, '2018-10-14', 'Modest', 'Cat'),
('thagergham9u', 'Cecillty', 0, '2011-08-25', 'On a diet', 'Dog'),
('bdinnis6t', 'Hallty', 0, '2017-08-14', 'Docile', 'Cat'),
('bdinnis6t', 'Jolity', 0, '2012-10-22', 'Bold, Sassy, Prefers company', 'Dog'),
('bperrottet16', 'Nielty', 0, '2013-11-07', 'Brave', 'Cat'),
('bperrottet16', 'Gartty', 0, '2018-02-19', 'Careful', 'Cat'),
('bperrottet16', 'Ronnty', 0, '2016-09-15', 'Hasty', 'Cat'),
('sjanosevicow', 'Duty', 0, '2016-04-18', 'Likes to skip meals, Quiet', 'Cat'),
('sjanosevicow', 'Tiffty', 0, '2018-05-06', 'Bashful', 'Chinchilla'),
('qsandyfirthih', 'Katty', 0, '2010-02-03', 'Likes to skip meals', 'Guinea pig'),
('qsandyfirthih', 'Thomaty', 0, '2018-03-29', 'Hasty', 'Dog'),
('troughmj', 'Dolpty', 0, '2017-09-04', 'Hasty', 'Cat'),
('troughmj', 'Maity', 0, '2012-02-23', 'Prefers to be alone', 'Cat'),
('fparsonaged6', 'Nolty', 0, '2018-03-09', 'Vegetarian diet', 'Rabbit'),
('fparsonaged6', 'Saraanty', 0, '2017-02-01', 'Requires a shower, Vegetarian diet', 'Cat'),
('rharris55', 'Josety', 0, '2013-02-01', 'Requires lots of exercise, Mild, Meat-only diet', 'Dog'),
('rharris55', 'Antonity', 0, '2015-12-09', 'Requires an early dinner', 'Dog'),
('rharris55', 'Piersoty', 0, '2010-01-24', 'Naive', 'Dog'),
('sclubleyrd', 'Cissiety', 0, '2019-08-24', 'Quiet', 'Cat'),
('sclubleyrd', 'Tomty', 0, '2016-05-27', 'Hasty, Brave', 'Rabbit'),
('nessex9j', 'Phillidty', 0, '2020-03-28', 'Bashful', 'Dog'),
('nessex9j', 'Chaty', 0, '2010-07-13', 'Timid', 'Cat'),
('rchatburnj9', 'Garrety', 0, '2014-08-23', 'Bashful, Docile', 'Cat'),
('rchatburnj9', 'Margarettty', 0, '2013-05-27', 'Relaxed', 'Cat'),
('tcounihane1', 'Khality', 0, '2015-08-29', 'Adamant', 'Rabbit'),
('tcounihane1', 'Willettty', 0, '2019-08-11', 'Quiet', 'Dog'),
('vcouthardeq', 'Salomty', 0, '2017-11-05', 'Quiet', 'Cat'),
('vcouthardeq', 'Steffty', 0, '2013-02-16', 'Calm, Prefers company', 'Cat'),
('jdhennin3v', 'Andrety', 0, '2018-02-08', 'Quiet', 'Rabbit'),
('jdhennin3v', 'Sylaty', 0, '2011-11-30', 'Serious', 'Dog'),
('fgamlin6a', 'Geoffrty', 0, '2016-09-17', 'Meat-only diet', 'Chinchilla'),
('fgamlin6a', 'Dominicty', 0, '2010-06-01', 'Lonely', 'Gerbil'),
('pivakinbm', 'Sabinty', 0, '2014-04-25', 'Meat-only diet', 'Cat'),
('pivakinbm', 'Hollty', 0, '2011-08-10', 'Naughty', 'Cat'),
('vlindelofq8', 'Isaaty', 0, '2015-06-11', 'Rash', 'Dog'),
('vlindelofq8', 'Betty', 0, '2013-08-29', 'Serious', 'Cat'),
('jbearnedb', 'Abbty', 0, '2012-03-17', 'Quiet', 'Chinchilla'),
('jbearnedb', 'Delcinty', 0, '2014-10-25', 'Naive', 'Cat'),
('sogilviemb', 'Enocty', 0, '2010-11-21', 'Timid', 'Dog'),
('sogilviemb', 'Chiquitty', 0, '2019-03-20', 'Docile', 'Cat'),
('njacopp', 'Randaty', 0, '2017-10-15', 'Docile, Meat-only diet', 'Dog'),
('njacopp', 'Kality', 0, '2016-05-23', 'Vegetarian diet', 'Cat'),
('crembrandtly', 'Veroniquty', 0, '2014-11-19', 'Hasty', 'Cat'),
('crembrandtly', 'Hallty', 0, '2015-11-19', 'Sassy', 'Dog'),
('mcharitybf', 'Audrty', 0, '2014-10-19', 'Quirky, Jolly', 'Dog'),
('mcharitybf', 'Jackity', 0, '2018-12-13', 'Naughty', 'Chinchilla'),
('ctyrwhittd0', 'Ardycty', 0, '2018-12-07', 'Timid', 'Chinchilla'),
('ctyrwhittd0', 'Doylty', 0, '2019-05-02', 'Rash', 'Cat'),
('ecarng', 'Westbrookty', 0, '2017-08-06', 'Rash, Vegetarian diet', 'Chinchilla'),
('ecarng', 'Carissty', 0, '2010-01-11', 'Rash', 'Guinea pig'),
('rkirimaae1', 'Angety', 0, '2012-05-14', 'Adamant, Prefers company', 'Rabbit'),
('rkirimaae1', 'Kerrty', 0, '2017-05-14', 'Adamant', 'Dog'),
('kcornfootgv', 'Renadty', 0, '2015-12-14', 'Bold', 'Cat'),
('kcornfootgv', 'Roty', 0, '2013-10-12', 'Rash, Requires an early dinner', 'Cat'),
('screaven7l', 'Piersoty', 0, '2011-02-15', 'Calm', 'Cat'),
('screaven7l', 'Carolity', 0, '2016-01-28', 'Jolly', 'Dog'),
('kifec', 'Katty', 0, '2014-05-13', 'Careful', 'Dog'),
('kifec', 'Cathyleety', 0, '2014-08-23', 'Hasty', 'Dog'),
('gescreet51', 'Theressty', 0, '2012-02-10', 'Hasty', 'Cat'),
('gescreet51', 'Godivty', 0, '2011-07-19', 'Rash', 'Dog'),
('dfernandezar', 'Tucty', 0, '2018-05-08', 'Timid', 'Dog'),
('dfernandezar', 'Dannty', 0, '2017-04-01', 'Prefers to be alone', 'Cat'),
('upignyj5', 'Fannty', 0, '2012-08-25', 'Mild', 'Cat'),
('upignyj5', 'Madlety', 0, '2019-09-17', 'Hardy', 'Chinchilla'),
('hbrewster2b', 'Tallity', 0, '2017-09-23', 'Quirky', 'Cat'),
('hbrewster2b', 'Roanty', 0, '2016-09-26', 'Naive', 'Chinchilla'),
('kpavlatapn', 'Trumainty', 0, '2018-04-21', 'Bold', 'Cat'),
('kpavlatapn', 'Abbty', 0, '2020-03-10', 'Impish, Bold, Prefers company', 'Dog'),
('lkluger0', 'Randty', 0, '2019-01-05', 'Prefers company', 'Guinea pig'),
('lkluger0', 'Currety', 0, '2016-06-06', 'Likes to skip meals', 'Cat'),
('fcocksedgeog', 'Nellty', 0, '2018-04-26', 'Adamant, Likes to skip meals, Meat-only diet', 'Cat'),
('fcocksedgeog', 'Trumainty', 0, '2015-11-19', 'Timid', 'Guinea pig'),
('lparksk2', 'Basity', 0, '2011-12-15', 'Requires an early dinner, Naughty', 'Dog'),
('lparksk2', 'Angellty', 0, '2018-03-16', 'Requires an early dinner, Gentle, Impish', 'Dog'),
('orielly17', 'Merricty', 0, '2019-09-11', 'Quiet, Calm', 'Dog'),
('orielly17', 'Sylaty', 0, '2018-05-02', 'Rash', 'Dog'),
('djeaycock2r', 'Blaity', 0, '2011-11-20', 'Careful', 'Dog'),
('djeaycock2r', 'Ginnifety', 0, '2012-08-27', 'Calm', 'Cat'),
('djeaycock2r', 'Alecity', 0, '2013-10-16', 'Prefers to be alone, Requires an early dinner', 'Chinchilla'),
('hbaudinsdf', 'Stacty', 0, '2013-09-04', 'Hates showering, Lonely', 'Cat'),
('hbaudinsdf', 'Lynnelty', 0, '2017-03-26', 'On a diet', 'Dog'),
('fswannack6d', 'Basity', 0, '2019-04-10', 'Bashful, Timid', 'Chinchilla'),
('fswannack6d', 'Hattty', 0, '2018-01-02', 'Relaxed, Lonely', 'Dog'),
('gdanielyoa', 'Lority', 0, '2018-10-17', 'Timid', 'Cat'),
('gdanielyoa', 'Theressty', 0, '2015-11-04', 'Sassy', 'Rabbit'),
('blambdinew', 'Paolinty', 0, '2019-04-20', 'Quiet', 'Dog'),
('blambdinew', 'Mearty', 0, '2018-05-21', 'Careful', 'Cat'),
('carchdeacon76', 'Olivety', 0, '2018-01-13', 'Lax', 'Dog'),
('carchdeacon76', 'Monroty', 0, '2012-02-25', 'Impish', 'Cat'),
('ajeffreysr1', 'Herolty', 0, '2020-01-21', 'Naughty', 'Chinchilla'),
('ajeffreysr1', 'Aurlity', 0, '2014-03-10', 'Prefers to be alone', 'Dog'),
('gaffusohm', 'Chickity', 0, '2010-07-06', 'Rash, Bashful', 'Rabbit'),
('gaffusohm', 'Bettinty', 0, '2014-10-12', 'Requires a shower', 'Cat'),
('bpryddengy', 'Lolty', 0, '2015-08-24', 'Requires a shower, Modest, Prefers to be alone, Naughty, Careful', 'Dog'),
('bpryddengy', 'Theressty', 0, '2015-11-03', 'Requires a shower', 'Cat'),
('adowniel5', 'Neroty', 0, '2017-05-13', 'Prefers to be alone', 'Dog'),
('adowniel5', 'Gregorty', 0, '2012-05-24', 'Rash', 'Chinchilla'),
('rboykett9n', 'Khality', 0, '2013-01-14', 'On a diet', 'Rabbit'),
('rboykett9n', 'Olympity', 0, '2010-06-03', 'Calm', 'Mouse'),
('agitthouse7j', 'Livty', 0, '2020-06-01', 'Relaxed', 'Dog'),
('agitthouse7j', 'Chaty', 0, '2014-10-11', 'Quiet', 'Guinea pig'),
('scringlefv', 'Trity', 0, '2013-11-20', 'Lax, Hardy', 'Dog'),
('scringlefv', 'Lovelty', 0, '2019-10-28', 'Impish', 'Rabbit'),
('pspightni', 'Ivaty', 0, '2016-04-28', 'Docile', 'Dog'),
('pspightni', 'Gennty', 0, '2010-10-06', 'Requires a shower, Vegetarian diet', 'Cat'),
('pspightni', 'Cecillty', 0, '2018-04-30', 'Requires an early dinner', 'Cat'),
('gbrokenshaw46', 'Koenraaty', 0, '2012-04-12', 'On a diet, Brave, Quiet', 'Chinchilla'),
('gbrokenshaw46', 'Carty', 0, '2013-10-10', 'On a diet, Calm', 'Cat'),
('lnicklenpd', 'Luisty', 0, '2012-01-19', 'Impish, Serious, Relaxed, Requires an early dinner', 'Cat'),
('lnicklenpd', 'Garvty', 0, '2015-06-29', 'Prefers company', 'Dog'),
('lnicklenpd', 'Sylaty', 0, '2019-03-21', 'Lax', 'Cat'),
('cbasiliot', 'Korallty', 0, '2016-04-30', 'Likes to skip meals', 'Dog'),
('cbasiliot', 'Leonty', 0, '2012-06-10', 'Requires an early dinner, Hasty', 'Cat'),
('arolfea8', 'Herolty', 0, '2014-07-29', 'Gentle', 'Chinchilla'),
('arolfea8', 'Nety', 0, '2017-12-29', 'Relaxed', 'Chinchilla'),
('othingir', 'Ciety', 0, '2018-12-09', 'On a diet, Naive', 'Dog'),
('othingir', 'Madlety', 0, '2018-05-06', 'Calm', 'Dog'),
('tjanoutj0', 'Emeldty', 0, '2018-02-25', 'Gentle', 'Dog'),
('tjanoutj0', 'Humfriety', 0, '2013-10-01', 'Gentle', 'Dog'),
('lgerckeau', 'Clementity', 0, '2017-08-02', 'Gentle', 'Rabbit'),
('lgerckeau', 'Tootsity', 0, '2016-10-02', 'Naughty', 'Dog'),
('cbonaviad5', 'Randaty', 0, '2015-08-20', 'Naive', 'Rabbit'),
('cbonaviad5', 'Abbty', 0, '2017-05-19', 'Modest', 'Chinchilla'),
('fhawtin6p', 'Ardinty', 0, '2013-01-11', 'Docile', 'Cat'),
('fhawtin6p', 'Khality', 0, '2010-08-22', 'Quiet, Rash, Lax', 'Cat'),
('keakly9d', 'Laureety', 0, '2013-03-21', 'Calm', 'Mouse'),
('keakly9d', 'Carinty', 0, '2010-02-06', 'Quirky', 'Chinchilla'),
('bratledgeks', 'Earvity', 0, '2011-05-04', 'Brave', 'Dog'),
('bratledgeks', 'Augustty', 0, '2019-12-21', 'Impish', 'Cat'),
('bsolland7', 'Cortty', 0, '2010-07-15', 'Brave', 'Dog'),
('bsolland7', 'Ignaciuty', 0, '2018-12-13', 'Likes to skip meals', 'Guinea pig'),
('jhallwelldj', 'Kety', 0, '2012-05-15', 'Hardy, Calm, Sassy', 'Dog'),
('jhallwelldj', 'Emmyty', 0, '2019-09-08', 'Naive', 'Cat'),
('pengel2b', 'Christty', 0, '2016-09-26', 'Docile', 'Dog'),
('pengel2b', 'Livty', 0, '2018-03-23', 'Serious', 'Cat'),
('eattyin', 'Delcinty', 0, '2019-08-09', 'Adamant', 'Dog'),
('eattyin', 'Torrancty', 0, '2010-07-29', 'Sassy', 'Chinchilla'),
('abeggo1', 'Liukty', 0, '2012-09-28', 'On a diet, Likes to skip meals', 'Dog'),
('abeggo1', 'Nikoloty', 0, '2015-02-14', 'Bashful', 'Cat'),
('ufrankcombe5h', 'Nety', 0, '2011-11-23', 'Prefers company', 'Cat'),
('ufrankcombe5h', 'Emmyty', 0, '2016-06-27', 'Lonely', 'Cat'),
('aalldridgef9', 'Douglaty', 0, '2020-05-04', 'Requires a shower, Sassy', 'Rabbit'),
('aalldridgef9', 'Trity', 0, '2018-02-26', 'Timid', 'Guinea pig'),
('adulwitchbx', 'Tamarrty', 0, '2016-01-10', 'Lax', 'Cat'),
('adulwitchbx', 'Carcty', 0, '2014-10-15', 'Naughty', 'Cat'),
('akells73', 'Nety', 0, '2010-06-01', 'Jolly', 'Dog'),
('akells73', 'Brynnty', 0, '2011-03-29', 'Gentle', 'Chinchilla'),
('ffuke9y', 'Mety', 0, '2014-03-31', 'Rash', 'Dog'),
('ffuke9y', 'Jolity', 0, '2011-07-04', 'Timid', 'Dog'),
('tbramepe', 'Thority', 0, '2015-08-09', 'Serious, Modest', 'Cat'),
('tbramepe', 'Taty', 0, '2016-06-18', 'Gentle', 'Cat'),
('ilindelof3r', 'Garrety', 0, '2018-04-23', 'Bold', 'Dog'),
('ilindelof3r', 'Ronnty', 0, '2018-01-09', 'Calm', 'Gerbil'),
('fmayesl3', 'Luisty', 0, '2011-04-27', 'Naive, Adamant', 'Dog'),
('fmayesl3', 'Kimblty', 0, '2014-12-12', 'Gentle', 'Cat'),
('itabourinp0', 'Rhettty', 0, '2018-09-26', 'Naive', 'Cat'),
('itabourinp0', 'Chiquitty', 0, '2016-10-12', 'Sassy, Careful', 'Chinchilla'),
('geverallht', 'Annelisty', 0, '2010-12-17', 'Requires lots of exercise', 'Guinea pig'),
('geverallht', 'Brynnty', 0, '2019-09-04', 'Brave', 'Cat'),
('kguppyik', 'Chaty', 0, '2014-10-28', 'Requires an early dinner, Adamant', 'Chinchilla'),
('kguppyik', 'Tiffty', 0, '2016-03-04', 'Likes to skip meals', 'Cat'),
('lhillyattiw', 'Yolanthty', 0, '2010-04-25', 'Serious, Calm', 'Dog'),
('lhillyattiw', 'Roty', 0, '2018-08-23', 'Likes to skip meals', 'Cat'),
('rklesl1x', 'Eirenty', 0, '2015-02-18', 'Adamant', 'Chinchilla'),
('rklesl1x', 'Annelisty', 0, '2011-02-08', 'Jolly', 'Dog'),
('bseverwright2h', 'Bettinty', 0, '2018-10-30', 'Naughty', 'Cat'),
('bseverwright2h', 'Margarettty', 0, '2012-12-02', 'Vegetarian diet, On a diet', 'Dog'),
('hdhooghe5k', 'Chickity', 0, '2015-05-15', 'Naive', 'Cat'),
('hdhooghe5k', 'Sheilakathryty', 0, '2017-08-17', 'Gentle', 'Rabbit'),
('bdallmannlp', 'Kevyty', 0, '2013-06-28', 'Gentle', 'Hamster'),
('bdallmannlp', 'Ivaty', 0, '2014-04-17', 'Lax, Hasty', 'Dog'),
('bcossarq0', 'Margarethty', 0, '2016-07-07', 'Modest', 'Chinchilla'),
('bcossarq0', 'Sheilakathryty', 0, '2010-06-17', 'Bashful', 'Cat'),
('ntackesmz', 'Laureety', 0, '2010-02-21', 'Requires a shower', 'Cat'),
('ntackesmz', 'Catty', 0, '2014-12-27', 'Docile, Bold', 'Hamster'),
('mlauritsen84', 'Marity', 0, '2013-12-18', 'Brave', 'Cat'),
('mlauritsen84', 'Gabbity', 0, '2016-03-30', 'Requires a shower', 'Dog'),
('escarrottgk', 'Theodority', 0, '2012-09-08', 'Calm', 'Dog'),
('escarrottgk', 'Ronnty', 0, '2017-06-02', 'Sassy, Hardy', 'Dog'),
('escarrottgk', 'Anne-marity', 0, '2012-09-27', 'Careful', 'Cat'),
('lcrufts69', 'Eirenty', 0, '2017-11-23', 'Relaxed', 'Dog'),
('lcrufts69', 'Dolpty', 0, '2015-08-15', 'Lax', 'Chinchilla'),
('fcrossdaleni', 'Verenty', 0, '2010-03-24', 'Meat-only diet', 'Chinchilla'),
('fcrossdaleni', 'Margarettty', 0, '2015-04-10', 'Relaxed', 'Mouse'),
('jgothliff12', 'Rhianoty', 0, '2013-04-20', 'Lax', 'Guinea pig'),
('jgothliff12', 'Levty', 0, '2018-09-13', 'Prefers to be alone', 'Dog'),
('cobradane33', 'Darty', 0, '2018-11-17', 'Lax', 'Cat'),
('cobradane33', 'Rufty', 0, '2018-02-02', 'Naive', 'Dog'),
('thardan8i', 'Amabety', 0, '2015-10-08', 'Requires an early dinner, Vegetarian diet', 'Rabbit'),
('thardan8i', 'Eldoty', 0, '2018-12-17', 'Meat-only diet', 'Rabbit'),
('eletchfordfw', 'Angety', 0, '2018-09-01', 'Timid', 'Rabbit'),
('eletchfordfw', 'Ernestty', 0, '2020-05-14', 'Rash', 'Cat'),
('mbeswetherick7c', 'Isaaty', 0, '2015-03-30', 'Careful', 'Cat'),
('mbeswetherick7c', 'Marjty', 0, '2012-02-01', 'Vegetarian diet, Careful', 'Cat'),
('blanfranchi8k', 'Tallity', 0, '2020-02-06', 'Adamant', 'Rabbit'),
('blanfranchi8k', 'Tamarrty', 0, '2019-02-11', 'Careful, Modest', 'Dog'),
('wdartnellek', 'Annelisty', 0, '2015-05-12', 'Sassy', 'Dog'),
('wdartnellek', 'Annelisty', 1, '2016-09-09', 'Hardy', 'Hamster'),
('wdartnellek', 'Engleberty', 0, '2012-02-29', 'Serious', 'Dog'),
('eswinyardpg', 'Robinsoty', 0, '2020-03-10', 'Likes to skip meals', 'Chinchilla'),
('eswinyardpg', 'Madlety', 0, '2010-09-08', 'Docile', 'Chinchilla'),
('tcoghlinez', 'Dahlity', 0, '2020-01-03', 'Gentle, Quiet, Timid, Adamant', 'Dog'),
('tcoghlinez', 'Broderity', 0, '2016-10-03', 'Vegetarian diet, Docile', 'Cat'),
('oblowfelde40', 'Johannety', 0, '2012-04-22', 'Sassy', 'Cat'),
('oblowfelde40', 'Suzettty', 0, '2012-06-30', 'Adamant', 'Dog'),
('gmakin53', 'Goldty', 0, '2017-08-06', 'Brave, Naughty', 'Cat'),
('gmakin53', 'Taryty', 0, '2012-02-06', 'Gentle', 'Cat'),
('amatusovqm', 'Jeddty', 0, '2019-12-19', 'Relaxed, Rash', 'Dog'),
('amatusovqm', 'Jilleety', 0, '2014-08-07', 'On a diet', 'Cat'),
('oslatorld', 'Chickity', 0, '2015-12-26', 'Vegetarian diet', 'Dog'),
('oslatorld', 'Isidorty', 0, '2011-08-08', 'Hardy', 'Dog'),
('rcollingwoodc4', 'Vickty', 0, '2018-09-04', 'Meat-only diet, Impish', 'Dog'),
('rcollingwoodc4', 'Tootsity', 0, '2013-04-23', 'Hardy, Mild', 'Cat'),
('remersonhc', 'Monroty', 0, '2013-03-07', 'Bold', 'Chinchilla'),
('remersonhc', 'Merty', 0, '2010-08-06', 'Impish', 'Dog'),
('vzannotellik1', 'Tommty', 0, '2013-04-06', 'Calm', 'Gerbil'),
('vzannotellik1', 'Edty', 0, '2010-03-28', 'Requires a shower', 'Chinchilla'),
('ashattock51', 'Ardycty', 0, '2018-06-05', 'Bashful, Docile', 'Chinchilla'),
('ashattock51', 'Odelty', 0, '2015-06-30', 'On a diet', 'Hamster'),
('rshakesbye30', 'Anatolty', 0, '2016-10-19', 'Serious', 'Cat'),
('rshakesbye30', 'Marity', 0, '2018-02-18', 'Lonely', 'Rabbit'),
('bcolebyha', 'Agnetty', 0, '2010-06-02', 'Docile, Relaxed', 'Cat'),
('bcolebyha', 'Melindty', 0, '2018-02-24', 'Brave', 'Rabbit'),
('hstoyle4a', 'Antonity', 0, '2018-09-12', 'Serious', 'Chinchilla'),
('hstoyle4a', 'Masoty', 0, '2012-04-22', 'Modest, Lonely', 'Cat'),
('dpischel3d', 'Robinsoty', 0, '2012-10-08', 'Impish, On a diet', 'Rabbit'),
('dpischel3d', 'Paolinty', 0, '2010-09-19', 'On a diet', 'Cat'),
('areinmarkp', 'Johannety', 0, '2015-11-13', 'Timid', 'Guinea pig'),
('areinmarkp', 'Jeddty', 0, '2019-06-14', 'Requires an early dinner, Serious, Calm', 'Mouse'),
('mstripling67', 'Mearty', 0, '2019-11-20', 'Sassy', 'Cat'),
('mstripling67', 'Tomkity', 0, '2016-06-25', 'Vegetarian diet', 'Dog'),
('rwadmanba', 'Carty', 0, '2010-10-16', 'Careful', 'Cat'),
('rwadmanba', 'Leonty', 0, '2019-06-17', 'On a diet', 'Chinchilla'),
('rdoblemx', 'Godivty', 0, '2020-05-20', 'Vegetarian diet', 'Rabbit'),
('rdoblemx', 'Westbrookty', 0, '2018-12-07', 'Calm, Impish', 'Rabbit'),
('ldoneldk2', 'Carissty', 0, '2012-10-09', 'Jolly', 'Cat'),
('ldoneldk2', 'Taty', 0, '2014-05-09', 'Prefers to be alone', 'Cat'),
('gosiaghailjn', 'Rhettty', 0, '2012-03-20', 'On a diet', 'Dog'),
('gosiaghailjn', 'Rianty', 0, '2010-12-14', 'Jolly', 'Cat'),
('hyeandelib', 'Hortoty', 0, '2017-01-15', 'Serious', 'Chinchilla'),
('hyeandelib', 'Gartty', 0, '2010-05-21', 'Relaxed', 'Dog'),
('skelle4u', 'Garricty', 0, '2018-03-14', 'Requires a shower', 'Cat'),
('skelle4u', 'Fayty', 0, '2011-01-27', 'Relaxed', 'Dog'),
('ogrint9o', 'Taryty', 0, '2010-05-06', 'Brave', 'Dog'),
('ogrint9o', 'Emeldty', 0, '2015-10-17', 'Meat-only diet', 'Dog'),
('egonnin2a', 'Locty', 0, '2012-05-23', 'Gentle', 'Guinea pig'),
('egonnin2a', 'Rhianoty', 0, '2016-02-16', 'Gentle', 'Cat'),
('ielsmoreri', 'Betty', 0, '2011-08-07', 'Naughty, Hardy', 'Cat'),
('ielsmoreri', 'Carcty', 0, '2011-10-30', 'Timid', 'Dog'),
('wleggisp7', 'Cortty', 0, '2010-07-04', 'Prefers to be alone', 'Mouse'),
('wleggisp7', 'Ardinty', 0, '2019-01-15', 'Prefers to be alone', 'Dog'),
('cgoodayf', 'Tommty', 0, '2016-11-07', 'Hardy', 'Dog'),
('cgoodayf', 'Marjty', 0, '2015-11-11', 'Gentle', 'Cat'),
('jburstonml', 'Sharlty', 0, '2018-12-24', 'Gentle', 'Cat'),
('jburstonml', 'Dwaynty', 0, '2013-04-24', 'Prefers company, Brave', 'Dog'),
('jburstonml', 'Carissty', 0, '2010-06-16', 'Quiet', 'Chinchilla'),
('gcornilqf', 'Levty', 0, '2012-02-23', 'Gentle', 'Hamster'),
('gcornilqf', 'Thority', 0, '2011-01-31', 'Likes to skip meals', 'Chinchilla'),
('mriddler3n', 'Hattty', 0, '2015-07-21', 'Impish', 'Dog'),
('mriddler3n', 'Goldty', 0, '2017-04-09', 'Docile, Gentle', 'Dog'),
('dlandmanmv', 'Ciety', 0, '2020-03-11', 'Hates showering, Adamant, Brave', 'Chinchilla'),
('dlandmanmv', 'Carissty', 0, '2014-01-12', 'On a diet', 'Dog'),
('jdawne', 'Igoty', 0, '2012-09-16', 'Modest', 'Guinea pig'),
('jdawne', 'Christty', 0, '2019-06-27', 'Naughty', 'Cat'),
('mgrunwaldj3', 'Raynarty', 0, '2019-06-20', 'Hasty', 'Cat'),
('mgrunwaldj3', 'Emeldty', 0, '2013-09-16', 'Adamant', 'Dog'),
('cgiggsbx', 'Roanty', 0, '2013-05-01', 'Lax, Prefers to be alone', 'Cat'),
('cgiggsbx', 'Isaiaty', 0, '2015-04-26', 'Rash', 'Rabbit'),
('csimonelbk', 'Reillty', 0, '2014-02-13', 'Mild', 'Chinchilla'),
('csimonelbk', 'Annelisty', 0, '2017-04-29', 'Jolly', 'Dog'),
('rlunnp6', 'Isaaty', 0, '2019-04-26', 'Careful', 'Cat'),
('rlunnp6', 'Laurty', 0, '2011-11-03', 'Hates showering', 'Dog'),
('sschroeder66', 'Theodority', 0, '2015-08-01', 'Prefers to be alone', 'Dog'),
('sschroeder66', 'Rhettty', 0, '2010-01-03', 'Prefers to be alone', 'Dog'),
('atrembathmu', 'Nevity', 0, '2012-10-29', 'Mild', 'Dog'),
('atrembathmu', 'Betty', 0, '2013-01-12', 'Requires lots of exercise, Sassy, Gentle', 'Chinchilla'),
('mbennit9u', 'Duty', 0, '2018-05-08', 'Sassy', 'Dog'),
('mbennit9u', 'Sharlty', 0, '2015-04-10', 'Requires an early dinner, Bashful', 'Mouse'),
('mcadallederej', 'Shaylaty', 0, '2020-03-09', 'Brave', 'Cat'),
('mcadallederej', 'Emmty', 0, '2015-03-21', 'Naive', 'Cat'),
('dstanbridge5q', 'Arty', 0, '2017-09-17', 'Hasty', 'Dog'),
('dstanbridge5q', 'Julty', 0, '2015-06-16', 'Vegetarian diet', 'Cat'),
('tsargintk7', 'Charlottty', 0, '2019-05-07', 'Hardy, Bashful', 'Dog'),
('tsargintk7', 'Chandlety', 0, '2012-07-11', 'Timid', 'Dog'),
('wroparsdp', 'Darlenty', 0, '2020-02-11', 'Naughty', 'Dog'),
('wroparsdp', 'Tomty', 0, '2015-05-02', 'Requires an early dinner', 'Dog'),
('lbracknell56', 'Claudinty', 0, '2012-06-26', 'Careful, Naughty, Vegetarian diet', 'Dog'),
('lbracknell56', 'Levty', 0, '2015-11-10', 'Careful', 'Dog'),
('lbracknell56', 'Laurty', 0, '2010-06-10', 'Rash', 'Chinchilla'),
('mgiaomozzop5', 'Lolty', 0, '2015-05-23', 'Hardy', 'Chinchilla'),
('mgiaomozzop5', 'Jackity', 0, '2011-01-15', 'Calm', 'Cat'),
('mgarretts3l', 'Gregorty', 0, '2019-05-14', 'Hasty', 'Cat'),
('mgarretts3l', 'Kaitlynty', 0, '2014-06-06', 'Hasty', 'Dog'),
('krawlcliffeag', 'Izabety', 0, '2012-11-16', 'Adamant', 'Guinea pig'),
('krawlcliffeag', 'Babty', 0, '2016-04-07', 'Modest, Sassy', 'Guinea pig'),
('wfarrejx', 'Allyty', 0, '2019-09-06', 'Rash', 'Chinchilla'),
('wfarrejx', 'Grangty', 0, '2014-05-29', 'Impish', 'Cat'),
('bmithanlo', 'Neroty', 0, '2015-12-05', 'Quiet, Requires an early dinner, Timid', 'Dog'),
('bmithanlo', 'Chancety', 0, '2018-07-22', 'Bashful', 'Dog'),
('ebrailey61', 'Broderity', 0, '2016-12-25', 'Serious', 'Cat'),
('ebrailey61', 'Melisandty', 0, '2014-02-08', 'Requires a shower', 'Hamster'),
('szapatero7x', 'Aurlity', 0, '2016-05-15', 'Mild', 'Cat'),
('szapatero7x', 'Taryty', 0, '2016-12-23', 'Requires lots of exercise, On a diet, Docile, Jolly', 'Cat'),
('mkleise7', 'Brigittty', 0, '2018-09-17', 'Impish', 'Guinea pig'),
('mkleise7', 'Stacty', 0, '2016-08-10', 'Quirky', 'Dog'),
('vboatrightbo', 'Mauristy', 0, '2014-07-22', 'Meat-only diet', 'Dog'),
('vboatrightbo', 'Dahlity', 0, '2015-08-03', 'On a diet', 'Cat'),
('elangfittae', 'Dwaynty', 0, '2019-01-25', 'Docile, Sassy, Relaxed, Requires an early dinner', 'Chinchilla'),
('elangfittae', 'Vickty', 0, '2016-07-17', 'Mild', 'Dog'),
('elangfittae', 'Xaviety', 0, '2014-09-27', 'Meat-only diet', 'Dog'),
('rarons9t', 'Kevyty', 0, '2011-11-30', 'Naive', 'Dog'),
('rarons9t', 'Ivity', 0, '2013-11-23', 'Jolly, Careful', 'Dog'),
('frodwaypx', 'Audrty', 0, '2014-07-31', 'Bashful', 'Dog'),
('frodwaypx', 'Williaty', 0, '2013-11-06', 'Likes to skip meals', 'Dog'),
('lrobertotdu', 'Alforty', 0, '2016-08-16', 'Prefers to be alone', 'Hamster'),
('lrobertotdu', 'Johannety', 0, '2015-06-06', 'Relaxed', 'Dog'),
('mpaddockiu', 'Earvity', 0, '2011-12-27', 'Docile', 'Cat'),
('mpaddockiu', 'Darty', 0, '2010-01-10', 'Adamant', 'Rabbit'),
('hgulliverj3', 'Aurlity', 0, '2019-02-26', 'Modest', 'Dog'),
('hgulliverj3', 'Salomty', 0, '2014-05-01', 'Vegetarian diet', 'Cat'),
('jpadillonw', 'Taty', 0, '2011-11-16', 'Naughty', 'Cat'),
('jpadillonw', 'Ardinty', 0, '2019-05-11', 'Prefers company', 'Dog'),
('rknowlman62', 'Goldty', 0, '2015-03-14', 'Meat-only diet', 'Cat'),
('rknowlman62', 'Augustty', 0, '2016-09-30', 'Impish', 'Dog'),
('mkielty4v', 'Gabbity', 0, '2017-05-31', 'Prefers to be alone', 'Cat'),
('mkielty4v', 'Bordty', 0, '2013-10-16', 'Prefers to be alone', 'Guinea pig'),
('lbenza1y', 'Theodority', 0, '2018-07-09', 'Naive', 'Dog'),
('lbenza1y', 'Cortty', 0, '2010-02-01', 'Jolly', 'Cat'),
('gmitkcov6j', 'Charlottty', 0, '2012-10-02', 'Quirky, Docile', 'Dog'),
('gmitkcov6j', 'Ernestty', 0, '2019-05-26', 'Requires an early dinner', 'Guinea pig'),
('tpashba4c', 'Catrinty', 0, '2013-05-10', 'Lonely, Likes to skip meals', 'Cat'),
('tpashba4c', 'Goldty', 0, '2015-04-02', 'Hates showering', 'Dog'),
('lmartinsonhq', 'Queridty', 0, '2014-01-10', 'Quiet', 'Cat'),
('lmartinsonhq', 'Flority', 0, '2012-07-30', 'Prefers company', 'Dog'),
('cessamnp', 'Tommty', 0, '2010-04-26', 'Relaxed', 'Cat'),
('cessamnp', 'Amabety', 0, '2014-06-10', 'Prefers to be alone, Sassy, Quiet', 'Cat'),
('jbodem0', 'Brendity', 0, '2011-01-19', 'Hardy', 'Dog'),
('jbodem0', 'Fayty', 0, '2013-08-26', 'Serious', 'Mouse'),
('gzoanetti2s', 'Raynarty', 0, '2019-05-29', 'Meat-only diet', 'Dog'),
('gzoanetti2s', 'Aurlity', 0, '2017-11-21', 'Calm', 'Rabbit'),
('rortellsjo', 'Juliaty', 0, '2017-06-29', 'Hasty', 'Cat'),
('rortellsjo', 'Basiliuty', 0, '2015-04-26', 'Docile, Likes to skip meals', 'Rabbit'),
('nmaiseygo', 'Ginnifety', 0, '2020-03-28', 'On a diet', 'Dog'),
('nmaiseygo', 'Maity', 0, '2010-12-20', 'Gentle', 'Cat'),
('esleightholme5y', 'Angellty', 0, '2013-06-17', 'Hardy', 'Dog'),
('esleightholme5y', 'Ardinty', 0, '2012-02-05', 'Careful', 'Cat'),
('aarundalede', 'Flority', 0, '2010-05-18', 'Hardy', 'Dog'),
('aarundalede', 'Suzettty', 0, '2012-08-09', 'Timid', 'Cat'),
('aarundalede', 'Pembrokty', 0, '2011-09-06', 'Lax', 'Guinea pig'),
('smunktonax', 'Tymoty', 0, '2011-06-08', 'Meat-only diet, Requires a shower', 'Dog'),
('smunktonax', 'Ivity', 0, '2012-08-16', 'Vegetarian diet', 'Cat'),
('asayleso6', 'Dwaynty', 0, '2012-02-18', 'Brave', 'Cat'),
('asayleso6', 'Jenilety', 0, '2016-09-05', 'Naughty, Calm, Modest', 'Dog'),
('mmccawg1', 'Salomty', 0, '2019-05-20', 'Jolly', 'Dog'),
('mmccawg1', 'Gerity', 0, '2017-12-27', 'Requires an early dinner', 'Guinea pig'),
('sjaouencq', 'Melisandty', 0, '2011-06-16', 'Sassy', 'Rabbit'),
('sjaouencq', 'Welbity', 0, '2015-10-01', 'Meat-only diet', 'Cat'),
('vbarrowclough6l', 'Malissty', 0, '2016-07-20', 'Lonely', 'Dog'),
('vbarrowclough6l', 'Shaylaty', 0, '2013-01-15', 'Lonely', 'Cat'),
('amccrowly', 'Khality', 0, '2017-07-08', 'Rash', 'Dog'),
('amccrowly', 'Lety', 0, '2019-04-20', 'Mild, Hates showering', 'Dog'),
('sfidgeha', 'Taryty', 0, '2016-04-03', 'Naughty', 'Guinea pig'),
('sfidgeha', 'Merralety', 0, '2017-08-16', 'Vegetarian diet, Timid', 'Gerbil'),
('aomullaneyc9', 'Lovelty', 0, '2017-09-25', 'Hates showering, Lonely', 'Cat'),
('aomullaneyc9', 'Issiaty', 0, '2019-11-02', 'Timid', 'Dog'),
('ybetteneylc', 'Dolpty', 0, '2012-02-24', 'Quirky', 'Cat'),
('ybetteneylc', 'Fayty', 0, '2019-11-02', 'Jolly', 'Chinchilla'),
('galexanderssond2', 'Viviety', 0, '2017-08-18', 'Timid', 'Cat'),
('galexanderssond2', 'Geoffrty', 0, '2014-09-29', 'Modest', 'Dog'),
('jsmealki', 'Chandlety', 0, '2014-08-14', 'Hardy', 'Dog'),
('jsmealki', 'Rhianoty', 0, '2018-01-10', 'Relaxed', 'Cat'),
('lgercke2o', 'Torrancty', 0, '2018-12-18', 'Naive', 'Dog'),
('lgercke2o', 'Nolty', 0, '2012-08-05', 'On a diet', 'Guinea pig'),
('agerholdhu', 'Isaiaty', 0, '2011-11-27', 'Adamant', 'Dog'),
('agerholdhu', 'Ryaty', 0, '2016-05-17', 'Rash', 'Cat'),
('droscamps36', 'Dalilty', 0, '2020-01-12', 'Impish', 'Rabbit'),
('droscamps36', 'Maudty', 0, '2011-05-06', 'Naive', 'Chinchilla'),
('lvondrachgi', 'Andrety', 0, '2018-05-17', 'Lax, Naughty', 'Hamster'),
('lvondrachgi', 'Joleety', 0, '2013-07-29', 'Quiet', 'Dog'),
('lkiraoy', 'Wendty', 0, '2012-04-20', 'Quiet', 'Guinea pig'),
('lkiraoy', 'Artematy', 0, '2012-12-13', 'Adamant', 'Dog'),
('lkiraoy', 'Theressty', 0, '2011-03-23', 'Gentle', 'Dog'),
('lwolpert92', 'Carissty', 0, '2016-08-29', 'Meat-only diet, Careful', 'Chinchilla'),
('lwolpert92', 'Kevyty', 0, '2010-10-11', 'Serious', 'Dog'),
('wgillicuddyhq', 'Izabety', 0, '2019-06-05', 'Lonely, Quiet', 'Dog'),
('wgillicuddyhq', 'Emmyty', 0, '2015-09-21', 'Modest', 'Guinea pig'),
('nproswelloe', 'Steffty', 0, '2010-05-19', 'Jolly', 'Chinchilla'),
('nproswelloe', 'Dominicty', 0, '2011-06-02', 'Bold', 'Hamster'),
('sjoberne4o', 'Stacty', 0, '2013-06-19', 'Prefers company', 'Cat'),
('sjoberne4o', 'Mearty', 0, '2013-12-23', 'Hasty', 'Dog'),
('hbeigp0', 'Nevity', 0, '2013-11-06', 'Hardy', 'Cat'),
('hbeigp0', 'Hollty', 0, '2014-02-03', 'Prefers to be alone', 'Dog'),
('fweaversi3', 'Ivaty', 0, '2016-12-20', 'Mild', 'Cat'),
('fweaversi3', 'Luisty', 0, '2014-03-21', 'Adamant, Impish', 'Rabbit'),
('sdermott2c', 'Amabety', 0, '2018-08-10', 'Impish', 'Cat'),
('sdermott2c', 'Emeldty', 0, '2011-02-13', 'Lonely', 'Dog'),
('pkettley9n', 'Tallity', 0, '2018-01-22', 'Quirky', 'Cat'),
('pkettley9n', 'Tucty', 0, '2010-07-21', 'Requires an early dinner', 'Dog'),
('emcilhagga79', 'Gilliaty', 0, '2012-06-14', 'Sassy', 'Cat'),
('emcilhagga79', 'Clementity', 0, '2016-04-29', 'Docile', 'Dog'),
('jrojako', 'Dannty', 0, '2013-08-23', 'Timid', 'Cat'),
('jrojako', 'Carlyty', 0, '2012-01-20', 'Rash', 'Guinea pig'),
('hswaden4d', 'Laureety', 0, '2014-08-03', 'Relaxed', 'Cat'),
('hswaden4d', 'Taryty', 0, '2017-01-06', 'Meat-only diet', 'Cat'),
('hswaden4d', 'Robinety', 0, '2012-08-10', 'Impish', 'Cat'),
('emccrostie44', 'Ernalinty', 0, '2010-01-29', 'Lax', 'Dog'),
('emccrostie44', 'Ardinty', 0, '2016-09-27', 'Quiet', 'Rabbit'),
('kshout8l', 'Margarethty', 0, '2011-02-11', 'Sassy', 'Cat'),
('kshout8l', 'Nolty', 0, '2013-08-19', 'On a diet', 'Chinchilla'),
('hhousemanl8', 'Nevity', 0, '2011-11-12', 'Calm', 'Cat'),
('hhousemanl8', 'Harmaty', 0, '2010-12-10', 'Careful', 'Dog'),
('bcolgana2', 'Gilliaty', 0, '2012-04-16', 'Docile', 'Rabbit'),
('bcolgana2', 'Claudinty', 0, '2014-11-18', 'Mild', 'Rabbit'),
('rmaddamsa5', 'Dominicty', 0, '2012-03-29', 'Naive', 'Guinea pig'),
('rmaddamsa5', 'Belitty', 0, '2016-01-02', 'Requires lots of exercise', 'Rabbit'),
('rmaddamsa5', 'Helyty', 0, '2017-04-17', 'Lonely', 'Cat'),
('gpepperdb8', 'Trumainty', 0, '2012-07-26', 'On a diet', 'Hamster'),
('gpepperdb8', 'Dyanty', 0, '2015-03-30', 'Bold, Lax', 'Cat'),
('apensoni2', 'Merralety', 0, '2013-12-17', 'Bashful, Relaxed', 'Cat'),
('apensoni2', 'Veroniquty', 0, '2011-03-16', 'On a diet', 'Dog'),
('rcraino8', 'Broderity', 0, '2019-03-07', 'Jolly, Hasty, Likes to skip meals, Careful, Gentle', 'Cat'),
('rcraino8', 'Monroty', 0, '2016-06-04', 'Requires lots of exercise', 'Cat'),
('lkeson77', 'Steffty', 0, '2012-12-13', 'Hates showering', 'Chinchilla'),
('lkeson77', 'Lexinty', 0, '2011-04-13', 'Meat-only diet', 'Chinchilla'),
('vbettenaygp', 'Roty', 0, '2011-06-13', 'Mild, Calm', 'Dog'),
('vbettenaygp', 'Christoffety', 0, '2012-10-23', 'Vegetarian diet', 'Cat'),
('bpersittgb', 'Chancety', 0, '2018-10-14', 'Mild', 'Cat'),
('bpersittgb', 'Belitty', 0, '2019-01-24', 'Careful, Impish', 'Cat'),
('vpinkeo7', 'Dwaynty', 0, '2016-11-03', 'Naive', 'Dog'),
('vpinkeo7', 'Kerrty', 0, '2010-01-26', 'Hates showering', 'Dog'),
('eburgot5e', 'Reillty', 0, '2014-01-14', 'Requires an early dinner', 'Cat'),
('eburgot5e', 'Harmaty', 0, '2013-02-18', 'Bashful', 'Cat'),
('krallings9k', 'Nevity', 0, '2017-08-05', 'Lax, Prefers to be alone, Requires an early dinner', 'Cat'),
('krallings9k', 'Gerity', 0, '2018-06-19', 'Rash, Lax', 'Dog'),
('gbougheyas', 'Bathshebty', 0, '2020-03-24', 'Impish', 'Dog'),
('gbougheyas', 'Barthety', 0, '2012-11-17', 'Timid', 'Cat'),
('vdibiasia', 'Clementity', 0, '2012-11-13', 'Hasty', 'Cat'),
('vdibiasia', 'Claudinty', 0, '2017-05-23', 'Likes to skip meals', 'Cat'),
('dchaddockb1', 'Dorrity', 0, '2016-02-09', 'Gentle', 'Dog'),
('dchaddockb1', 'Gregorty', 0, '2018-06-14', 'Adamant', 'Hamster'),
('ymiebes5', 'Carlyty', 0, '2010-02-10', 'Docile, Adamant, Naughty', 'Cat'),
('ymiebes5', 'Merlty', 0, '2018-11-19', 'Quiet', 'Dog'),
('lgwatkinhh', 'Xaviety', 0, '2014-10-26', 'Bashful, Adamant', 'Guinea pig'),
('lgwatkinhh', 'Artematy', 0, '2011-08-11', 'On a diet', 'Cat'),
('blinturnjb', 'Abbty', 0, '2015-08-20', 'Meat-only diet', 'Cat'),
('blinturnjb', 'Isaiaty', 0, '2014-02-08', 'Bold', 'Hamster'),
('blinturnjb', 'Jackity', 0, '2016-01-08', 'Careful, Quirky, Prefers company', 'Dog'),
('mhowelli5', 'Olympity', 0, '2011-05-03', 'Impish, Brave', 'Cat'),
('mhowelli5', 'Randty', 0, '2015-08-24', 'Careful, Serious', 'Cat'),
('deverton82', 'Merricty', 0, '2020-02-06', 'Lonely', 'Chinchilla'),
('deverton82', 'Angety', 0, '2015-12-13', 'Relaxed', 'Cat'),
('aculrossjk', 'Julity', 0, '2014-06-21', 'Vegetarian diet', 'Cat'),
('aculrossjk', 'Domingty', 0, '2018-03-17', 'Vegetarian diet', 'Cat'),
('gpauly2w', 'Kaitlynty', 0, '2018-07-28', 'Gentle, Calm', 'Dog'),
('gpauly2w', 'Maity', 0, '2012-03-26', 'Modest', 'Guinea pig'),
('scaplinnv', 'Neroty', 0, '2011-08-31', 'Hasty', 'Cat'),
('scaplinnv', 'Ardty', 0, '2019-09-07', 'Mild, Brave, Hardy', 'Cat'),
('oivanikhin2t', 'Christty', 0, '2017-03-19', 'Quiet', 'Cat'),
('oivanikhin2t', 'Basity', 0, '2014-02-23', 'Requires an early dinner', 'Cat'),
('oivanikhin2t', 'Jeddty', 0, '2016-05-01', 'Meat-only diet', 'Chinchilla'),
('lfain7b', 'Dannty', 0, '2011-02-08', 'Lonely', 'Guinea pig'),
('lfain7b', 'Ignaciuty', 0, '2018-04-30', 'Hasty', 'Chinchilla'),
('socloneyq6', 'Emmyty', 0, '2015-08-06', 'Vegetarian diet', 'Guinea pig'),
('socloneyq6', 'Mauristy', 0, '2012-06-02', 'Timid, Impish', 'Cat');
INSERT INTO PT_Availability (ct_userid, avail_sd, avail_ed) VALUES
('rbugdell89', '2020-10-08', '2020-10-09'),
('rbugdell89', '2020-10-17', '2020-10-18'),
('rbugdell89', '2020-11-05', '2020-11-07'),
('rbugdell89', '2020-11-13', '2020-11-13'),
('rbugdell89', '2020-11-17', '2020-11-17'),
('rbugdell89', '2020-11-23', '2020-11-24'),
('deverton82', '2020-10-18', '2020-10-18'),
('deverton82', '2020-10-20', '2020-10-20'),
('deverton82', '2020-10-24', '2020-10-27'),
('deverton82', '2020-10-28', '2020-10-28'),
('deverton82', '2020-11-19', '2020-11-20'),
('deverton82', '2020-11-22', '2020-11-22'),
('deverton82', '2020-11-26', '2020-11-29'),
('acrombkx', '2020-10-08', '2020-10-10'),
('acrombkx', '2020-10-13', '2020-10-13'),
('acrombkx', '2020-10-15', '2020-10-17'),
('acrombkx', '2020-10-24', '2020-10-26'),
('acrombkx', '2020-10-31', '2020-10-31'),
('acrombkx', '2020-11-05', '2020-11-05'),
('acrombkx', '2020-11-17', '2020-11-18'),
('acrombkx', '2020-11-22', '2020-11-22'),
('estreadergl', '2020-10-07', '2020-10-07'),
('estreadergl', '2020-10-09', '2020-10-09'),
('estreadergl', '2020-10-11', '2020-10-13'),
('estreadergl', '2020-10-14', '2020-10-17'),
('estreadergl', '2020-10-27', '2020-10-29'),
('estreadergl', '2020-11-02', '2020-11-03'),
('estreadergl', '2020-11-04', '2020-11-06'),
('estreadergl', '2020-11-14', '2020-11-14'),
('estreadergl', '2020-11-17', '2020-11-18'),
('estreadergl', '2020-11-23', '2020-11-23'),
('estreadergl', '2020-11-30', '2020-11-30'),
('scaplinnv', '2020-10-04', '2020-10-05'),
('scaplinnv', '2020-10-07', '2020-10-07'),
('scaplinnv', '2020-10-08', '2020-10-08'),
('scaplinnv', '2020-10-13', '2020-10-14'),
('scaplinnv', '2020-10-21', '2020-10-23'),
('scaplinnv', '2020-11-04', '2020-11-04'),
('scaplinnv', '2020-11-05', '2020-11-06'),
('scaplinnv', '2020-11-11', '2020-11-13'),
('scaplinnv', '2020-11-14', '2020-11-16'),
('scaplinnv', '2020-11-22', '2020-11-22'),
('scaplinnv', '2020-11-29', '2020-11-30'),
('pmuldoon8w', '2020-10-11', '2020-10-11'),
('pmuldoon8w', '2020-10-12', '2020-10-13'),
('pmuldoon8w', '2020-10-16', '2020-10-16'),
('pmuldoon8w', '2020-10-25', '2020-10-30'),
('pmuldoon8w', '2020-11-01', '2020-11-02'),
('pmuldoon8w', '2020-11-27', '2020-11-27'),
('mhowelli5', '2020-10-01', '2020-10-02'),
('mhowelli5', '2020-10-03', '2020-10-04'),
('mhowelli5', '2020-10-11', '2020-10-16'),
('mhowelli5', '2020-10-20', '2020-10-20'),
('mhowelli5', '2020-10-24', '2020-10-27'),
('mhowelli5', '2020-10-29', '2020-10-31'),
('mhowelli5', '2020-11-03', '2020-11-03'),
('mhowelli5', '2020-11-11', '2020-11-11'),
('mhowelli5', '2020-11-12', '2020-11-12'),
('mhowelli5', '2020-11-15', '2020-11-15'),
('mhowelli5', '2020-11-18', '2020-11-18'),
('mhowelli5', '2020-11-25', '2020-11-25'),
('mhowelli5', '2020-11-30', '2020-11-30'),
('hreysoneg', '2020-10-02', '2020-10-03'),
('hreysoneg', '2020-10-07', '2020-10-07'),
('hreysoneg', '2020-10-12', '2020-10-13'),
('hreysoneg', '2020-10-15', '2020-10-15'),
('hreysoneg', '2020-10-18', '2020-10-19'),
('hreysoneg', '2020-10-24', '2020-10-26'),
('hreysoneg', '2020-10-27', '2020-10-31'),
('hreysoneg', '2020-11-02', '2020-11-02'),
('hreysoneg', '2020-11-07', '2020-11-12'),
('hreysoneg', '2020-11-13', '2020-11-14'),
('hreysoneg', '2020-11-22', '2020-11-23'),
('hreysoneg', '2020-11-29', '2020-11-30'),
('bhillingc0', '2020-10-02', '2020-10-04'),
('bhillingc0', '2020-10-06', '2020-10-07'),
('bhillingc0', '2020-10-13', '2020-10-16'),
('bhillingc0', '2020-10-24', '2020-10-24'),
('bhillingc0', '2020-10-28', '2020-10-29'),
('bhillingc0', '2020-11-08', '2020-11-11'),
('bhillingc0', '2020-11-19', '2020-11-24'),
('bhillingc0', '2020-11-26', '2020-11-27'),
('lfain7b', '2020-10-01', '2020-10-01'),
('lfain7b', '2020-10-05', '2020-10-05'),
('lfain7b', '2020-10-10', '2020-10-10'),
('lfain7b', '2020-10-14', '2020-10-15'),
('lfain7b', '2020-10-17', '2020-10-17'),
('lfain7b', '2020-10-18', '2020-10-20'),
('lfain7b', '2020-10-24', '2020-10-24'),
('lfain7b', '2020-10-29', '2020-10-29'),
('lfain7b', '2020-11-04', '2020-11-04'),
('lfain7b', '2020-11-05', '2020-11-05'),
('lfain7b', '2020-11-09', '2020-11-11'),
('lfain7b', '2020-11-16', '2020-11-21'),
('lfain7b', '2020-11-24', '2020-11-28'),
('feliah5', '2020-10-02', '2020-10-04'),
('feliah5', '2020-10-08', '2020-10-09'),
('feliah5', '2020-10-15', '2020-10-15'),
('feliah5', '2020-10-19', '2020-10-20'),
('feliah5', '2020-10-22', '2020-10-24'),
('feliah5', '2020-10-25', '2020-10-27'),
('feliah5', '2020-10-29', '2020-11-02'),
('feliah5', '2020-11-28', '2020-11-28');
INSERT INTO FT_Leave (ct_userid, leave_sd, leave_ed) VALUES
('vvreiberg9f', '2020-10-29', '2020-11-02'),
('vvreiberg9f', '2020-11-10', '2020-11-16'),
('dsingyardjz', '2020-11-10', '2020-11-13'),
('oivanikhin2t', '2020-10-27', '2020-11-01'),
('socloneyq6', '2020-11-17', '2020-11-21');
INSERT INTO Looking_After (po_userid, pet_name, dead, ct_userid, start_date, end_date, status, trans_pr, payment_op, rating, review) VALUES
('vdibiasia', 'Claudinty', '0', 'rbugdell89', '2020-10-09', '2020-10-09', 'Completed', 40, 'Credit Card', NULL, NULL),
('sregnardb2', 'Hattty', '0', 'rbugdell89', '2020-10-08', '2020-10-09', 'Completed', 55.74888846137807, 'Credit Card', '2', '"If I ever find out who threw this," Snape whispered, "I shall make sure that person is expelled."'),
('dblaineil', 'Geoffrty', '0', 'rbugdell89', '2020-10-17', '2020-10-17', 'Completed', 87.67173389845732, 'Cash', '2', 'Ginny jumped up as though her chair had just been electrified, gave Percy a fleeting, frightened look, and'),
('rlappingmf', 'Shandity', '0', 'rbugdell89', '2020-10-17', '2020-10-18', 'Completed', 56.580420136851934, 'Credit Card', '3', 'Professor Sprout was a squat little witch who wore a patched hat over her flyaway hair; there was usually a large amount of earth on her clothes and her fingernails would have made Aunt Petunia faint. Gilderoy Lockhart, however, was immaculate in sweeping robes of turquoise, his golden hair shining under a perfectly positioned turquoise hat with gold trimming.'),
('lbenza1y', 'Cortty', '0', 'rbugdell89', '2020-11-06', '2020-11-07', 'Completed', 88.18885637031427, 'Credit Card', '2', 'They slipped out of the kitchen and down a narrow passageway to an uneven staircase, which wound its way, zigzagging up through the house. On the third landing, a door stood ajar. Harry just caught sight of a pair of bright brown eyes staring at him before it closed with a snap.'),
('rtottman9j', 'Giulity', '0', 'rbugdell89', '2020-11-07', '2020-11-07', 'Completed', 54.20216074880256, 'Cash', NULL, NULL),
('qsandyfirthih', 'Katty', '0', 'rbugdell89', '2020-11-13', '2020-11-13', 'Accepted', 66.67234852919502, 'Credit Card', NULL, NULL),
('ashattock51', 'Odelty', '0', 'rbugdell89', '2020-11-13', '2020-11-13', 'Pending', 60.43120707559646, 'Cash', NULL, NULL),
('abeggo1', 'Liukty', '0', 'rbugdell89', '2020-11-17', '2020-11-17', 'Accepted', 72.00640496631347, 'Cash', NULL, NULL),
('sogilviemb', 'Enocty', '0', 'rbugdell89', '2020-11-17', '2020-11-17', 'Accepted', 62.22064038859054, 'Credit Card', NULL, NULL),
('gmitkcov6j', 'Ernestty', '0', 'rbugdell89', '2020-11-17', '2020-11-17', 'Pending', 76.77786231063489, 'Cash', NULL, NULL),
('rtockeo', 'Kevoty', '0', 'rbugdell89', '2020-11-17', '2020-11-17', 'Accepted', 43.91580972999938, 'Cash', NULL, NULL),
('gcornilqf', 'Levty', '0', 'rbugdell89', '2020-11-23', '2020-11-24', 'Accepted', 53.73367544428243, 'Cash', NULL, NULL),
('crembrandtly', 'Veroniquty', '0', 'rbugdell89', '2020-11-23', '2020-11-24', 'Accepted', 81.36532905466716, 'Credit Card', NULL, NULL),
('szapatero7x', 'Taryty', '0', 'deverton82', '2020-10-18', '2020-10-18', 'Completed', 73.57275185909285, 'Cash', '3', '"Mandrake, or Mandragora, is a powerful restorative," said Hermione, sounding as usual as though she had swallowed the textbook. "It is used to return people who have been transfigured or cursed to their original state."'),
('egonnin2a', 'Rhianoty', '0', 'deverton82', '2020-10-18', '2020-10-18', 'Completed', 47.30331054125281, 'Cash', NULL, NULL),
('tjanoutj0', 'Humfriety', '0', 'deverton82', '2020-10-20', '2020-10-20', 'Completed', 40, 'Credit Card', NULL, NULL),
('aclampett7w', 'Chancety', '0', 'deverton82', '2020-10-20', '2020-10-20', 'Completed', 46.97498410261977, 'Cash', '3', '"Admirable sentiments," said Malfoy, bowing. "We shall all miss your - er - highly individual way of running things, Albus, and only hope that your successor will manage to prevent any - ah - killins."'),
('mlarchierfy', 'Jackity', '0', 'deverton82', '2020-10-24', '2020-10-26', 'Completed', 87.82151923540982, 'Cash', '4', 'Oozing back out of the page, in his very own ink, came words Harry had never written.'),
('tbramepe', 'Taty', '0', 'deverton82', '2020-10-25', '2020-10-26', 'Completed', 91.18411890377543, 'Credit Card', '3', 'Lockhart was getting unsteadily to his feet. His hat had fallen off and his wavy hair was standing on end.'),
('hdhooghe5k', 'Chickity', '0', 'deverton82', '2020-10-28', '2020-10-28', 'Completed', 100.93984569429442, 'Credit Card', '3', 'teacher, asked Flint and Wood to shake hands, which they did, giving each other threatening stares and gripping rather harder than was necessary.'),
('shutchenceqt', 'Heindricty', '0', 'deverton82', '2020-10-28', '2020-10-28', 'Completed', 85.09157542797846, 'Credit Card', '2', '"It has happened," she told the silent staffroom. "A student has been taken by the monster. Right into the Chamber itself."'),
('bseverwright2h', 'Bettinty', '0', 'deverton82', '2020-11-19', '2020-11-19', 'Accepted', 77.7810943181677, 'Credit Card', NULL, NULL),
('omassenhoveqh', 'Saudrty', '0', 'deverton82', '2020-11-19', '2020-11-20', 'Pending', 80.91711870980251, 'Cash', NULL, NULL),
('rshakesbye30', 'Anatolty', '0', 'deverton82', '2020-11-22', '2020-11-22', 'Accepted', 90.5850851238095, 'Credit Card', NULL, NULL),
('szapatero7x', 'Aurlity', '0', 'deverton82', '2020-11-22', '2020-11-22', 'Pending', 94.64446130288353, 'Cash', NULL, NULL),
('jpeetbu', 'Herolty', '0', 'deverton82', '2020-11-26', '2020-11-28', 'Accepted', 83.21956920301132, 'Cash', NULL, NULL),
('sjanosevicow', 'Duty', '0', 'deverton82', '2020-11-26', '2020-11-27', 'Accepted', 75.76581924103213, 'Credit Card', NULL, NULL),
('ilindelof3r', 'Ronnty', '0', 'acrombkx', '2020-10-08', '2020-10-08', 'Completed', 40, 'Credit Card', '2', 'They backed toward the door, nodding and beaming at anyone who looked at them, and a minute later were hurrying back up the passageway full of black candles.'),
('aarundalede', 'Suzettty', '0', 'acrombkx', '2020-10-09', '2020-10-09', 'Completed', 95.95563802326728, 'Cash', '2', '"As you see, we are holding our wands in the accepted combative position," Lockhart told the silent crowd. "On the count of three, we will cast our first spells. Neither of us will be aiming to kill, of course."'),
('bcheston7e', 'Teresty', '0', 'acrombkx', '2020-10-08', '2020-10-10', 'Completed', 80.49261545307323, 'Credit Card', '2', 'drawer and started emptying the contents into a bag. "No one regrets more than I - "'),
('ntackesmz', 'Catty', '0', 'acrombkx', '2020-10-13', '2020-10-13', 'Completed', 58.55016667386833, 'Cash', NULL, NULL),
('sfidgeha', 'Merralety', '0', 'acrombkx', '2020-10-13', '2020-10-13', 'Completed', 62.78275664509122, 'Credit Card', NULL, NULL),
('lvondrachgi', 'Andrety', '0', 'acrombkx', '2020-10-15', '2020-10-15', 'Completed', 40, 'Credit Card', NULL, NULL),
('mdarbishiremk', 'Reillty', '0', 'acrombkx', '2020-10-15', '2020-10-16', 'Completed', 48.753758224861414, 'Cash', '4', 'And they both pretended not to notice the whining growing louder and louder as the sky became steadily darker. Stars were blossoming in the blackness.'),
('rtockeo', 'Kevoty', '0', 'acrombkx', '2020-10-24', '2020-10-25', 'Completed', 48.61947531165325, 'Cash', '4', 'They had been in the locker room so long that the sun was up completely now, although remnants of mist hung over the grass in the stadium. As Harry walked onto the field, he saw Ron and Hermione sitting in the stands.'),
('ilindelof3r', 'Ronnty', '0', 'acrombkx', '2020-10-24', '2020-10-25', 'Completed', 78.30470157211198, 'Credit Card', '3', 'And Harry suddenly understood. He nodded at Dobby, and Dobby backed into a corner, now twisting his ears in punishment.'),
('dchaddockb1', 'Gregorty', '0', 'acrombkx', '2020-10-31', '2020-10-31', 'Completed', 40, 'Credit Card', '4', 'For perhaps five minutes they followed the footsteps, until Riddle stopped suddenly, his head inclined in the direction of new noises. Harry heard a door creak open, and then someone speaking in a hoarse whisper.'),
('ilindelof3r', 'Ronnty', '0', 'acrombkx', '2020-10-31', '2020-10-31', 'Completed', 40, 'Cash', NULL, NULL),
('fgamlin6a', 'Dominicty', '0', 'acrombkx', '2020-11-05', '2020-11-05', 'Completed', 69.7518899848859, 'Cash', '2', 'Percy swelled in a manner that reminded Harry forcefully of Mrs. Weasley.'),
('lnicklenpd', 'Luisty', '0', 'acrombkx', '2020-11-05', '2020-11-05', 'Completed', 90.71074473931455, 'Credit Card', NULL, NULL),
('aauldb0', 'Sharlty', '0', 'acrombkx', '2020-11-17', '2020-11-18', 'Pending', 40, 'Credit Card', NULL, NULL),
('eburgot5e', 'Harmaty', '0', 'acrombkx', '2020-11-17', '2020-11-17', 'Pending', 88.3769926427289, 'Credit Card', NULL, NULL),
('oantwismi', 'Gabbity', '0', 'acrombkx', '2020-11-22', '2020-11-22', 'Pending', 40, 'Credit Card', NULL, NULL),
('akolodziejskii', 'Shamuty', '0', 'acrombkx', '2020-11-22', '2020-11-22', 'Accepted', 58.10076873550396, 'Cash', NULL, NULL),
('fgamlin6a', 'Dominicty', '0', 'estreadergl', '2020-10-07', '2020-10-07', 'Completed', 40, 'Credit Card', '2', '"Under the lake, probably," said Ron, squinting around at the dark, slimy walls.'),
('eletchfordfw', 'Angety', '0', 'estreadergl', '2020-10-07', '2020-10-07', 'Completed', 116.38571650235156, 'Credit Card', '4', 'Hermione snatched the schedule back, blushing furiously.'),
('nessex9j', 'Chaty', '0', 'estreadergl', '2020-10-09', '2020-10-09', 'Completed', 83.09696077808364, 'Cash', '4', '"I want it understood, Cornelius, that Hagrid has my full confidence," said Dumbledore, frowning at Fudge.'),
('cmaxwailegu', 'Bartety', '0', 'estreadergl', '2020-10-09', '2020-10-09', 'Completed', 75.73062031679675, 'Credit Card', '4', '"No," said Harry, so firmly that Ernie and Hannah stared.'),
('ilindelof3r', 'Ronnty', '0', 'estreadergl', '2020-10-09', '2020-10-09', 'Completed', 76.73085979972738, 'Credit Card', '2', '"Ah, sir," he gasped, dabbing his face with a corner of the grubby pillowcase he was wearing. "Harry Potter is valiant and bold! He has braved so many dangers already! But Dobby has come to protect Harry Potter, to warn him, even if he does have to shut his ears in'),
('gdanielyoa', 'Theressty', '0', 'estreadergl', '2020-10-13', '2020-10-13', 'Completed', 79.08216795497121, 'Cash', '2', 'Harry started to tell them about Colin, but Hermione interrupted.'),
('ilindelof3r', 'Ronnty', '0', 'estreadergl', '2020-10-11', '2020-10-12', 'Completed', 40, 'Credit Card', NULL, NULL),
('jbelcham80', 'Helyty', '0', 'estreadergl', '2020-10-16', '2020-10-17', 'Completed', 103.14725999340011, 'Credit Card', NULL, NULL),
('thardan8i', 'Eldoty', '0', 'estreadergl', '2020-10-17', '2020-10-17', 'Completed', 76.21577812398876, 'Cash', '4', '"Watch out for the bottom stair - it creaks," Harry whispered back as the twins disappeared onto the dark landing.'),
('sfidgeha', 'Merralety', '0', 'estreadergl', '2020-10-27', '2020-10-29', 'Completed', 52.27905498602644, 'Cash', NULL, NULL),
('crembrandtly', 'Veroniquty', '0', 'estreadergl', '2020-10-27', '2020-10-28', 'Completed', 85.3874782811573, 'Credit Card', NULL, NULL),
('vbettenaygp', 'Christoffety', '0', 'estreadergl', '2020-11-02', '2020-11-03', 'Completed', 86.34181798639702, 'Credit Card', '4', '"Innocent until proven guilty, Severus," he said firmly.'),
('aauldb0', 'Sharlty', '0', 'estreadergl', '2020-11-02', '2020-11-02', 'Completed', 52.10461161179254, 'Credit Card', NULL, NULL),
('smerwedec5', 'Jimmty', '0', 'estreadergl', '2020-11-05', '2020-11-05', 'Completed', 91.24255049469073, 'Cash', '2', '"Flint!" Wood bellowed at the Slytherin Captain. "This is our practice time! We got up specially! You can clear off now!"'),
('jvescoviniev', 'Alidty', '0', 'estreadergl', '2020-11-06', '2020-11-06', 'Completed', 63.41336947034091, 'Cash', NULL, NULL),
('akolodziejskii', 'Shamuty', '0', 'estreadergl', '2020-11-14', '2020-11-14', 'Accepted', 40, 'Cash', NULL, NULL),
('oantwismi', 'Tamarrty', '0', 'estreadergl', '2020-11-14', '2020-11-14', 'Pending', 62.9576613842268, 'Cash', NULL, NULL),
('jsmealki', 'Rhianoty', '0', 'estreadergl', '2020-11-17', '2020-11-18', 'Pending', 93.68868173730526, 'Cash', NULL, NULL),
('cbonaviad5', 'Randaty', '0', 'estreadergl', '2020-11-18', '2020-11-18', 'Accepted', 64.70528413201393, 'Credit Card', NULL, NULL),
('fparsonaged6', 'Nolty', '0', 'estreadergl', '2020-11-23', '2020-11-23', 'Pending', 88.47579414505016, 'Credit Card', NULL, NULL),
('sfidgeha', 'Merralety', '0', 'estreadergl', '2020-11-23', '2020-11-23', 'Accepted', 40, 'Credit Card', NULL, NULL),
('adallan74', 'Alforty', '0', 'estreadergl', '2020-11-30', '2020-11-30', 'Pending', 85.28741874973167, 'Credit Card', NULL, NULL),
('troughmj', 'Maity', '0', 'estreadergl', '2020-11-30', '2020-11-30', 'Pending', 89.7871406777661, 'Credit Card', NULL, NULL),
('othingir', 'Madlety', '0', 'scaplinnv', '2020-10-04', '2020-10-05', 'Completed', 82.71123596457636, 'Cash', '4', 'mottled skin, and was clearly bawling at the top of his lungs.'),
('dchaddockb1', 'Dorrity', '0', 'scaplinnv', '2020-10-04', '2020-10-04', 'Completed', 72.121343713358, 'Cash', NULL, NULL),
('rortellsjo', 'Juliaty', '0', 'scaplinnv', '2020-10-07', '2020-10-07', 'Completed', 100.72537619639398, 'Credit Card', '4', '"All right there, Scarhead?" yelled Malfoy, shooting underneath him as though to show off the speed of his broom.'),
('lgerckeau', 'Clementity', '0', 'scaplinnv', '2020-10-07', '2020-10-07', 'Completed', 89.22057410509451, 'Cash', '3', '"See you in a bit," said Harry, trying to inject some confidence into his shaking voice.'),
('dlinkleterdq', 'Carcty', '1', 'scaplinnv', '2020-10-08', '2020-10-08', 'Completed', 90.63414097492165, 'Credit Card', '3', '"And you!" said Mrs. Weasley, but it was with a slightly softened expression that she started cutting Harry bread and buttering it for him.'),
('bportingale8z', 'Levty', '0', 'scaplinnv', '2020-10-08', '2020-10-08', 'Completed', 98.30637464953442, 'Cash', '4', 'Harry found Ron at the back of the library, measuring his History of Magic homework. Professor Binns had asked for a three-foot-long composition on "The Medieval Assembly of European Wizards."'),
('screaven7l', 'Carolity', '0', 'scaplinnv', '2020-10-08', '2020-10-08', 'Completed', 90.22845659631571, 'Credit Card', '3', 'As you know, underage wizards are not permitted to perform spells outside school, and further spellwork on your part may lead to expulsion from said school (Decree for the Reasonable Restriction of Underage Sorcery, 1875, Paragraph C).'),
('rshakesbye30', 'Marity', '0', 'scaplinnv', '2020-10-14', '2020-10-14', 'Completed', 73.78770124088831, 'Cash', '3', '"You may go," Dumbledore said to Harry, Ron, and Hermione.'),
('rdabrowskiov', 'Toty', '0', 'scaplinnv', '2020-10-13', '2020-10-14', 'Completed', 40, 'Credit Card', '4', '"Dobby, sir. Just Dobby. Dobby the house-elf," said the creature.'),
('mriddler3n', 'Hattty', '0', 'scaplinnv', '2020-10-23', '2020-10-23', 'Completed', 73.29157435982883, 'Cash', '3', '"Take me?" said Hagrid, who was trembling. "Take me where?"'),
('scringlefv', 'Trity', '0', 'scaplinnv', '2020-10-23', '2020-10-23', 'Completed', 117.36853289393949, 'Credit Card', NULL, NULL),
('jburstonml', 'Sharlty', '0', 'scaplinnv', '2020-11-04', '2020-11-04', 'Completed', 65.20783100757762, 'Cash', '4', 'Peeves was bobbing overhead, now grinning wickedly, surveying the scene; Peeves always loved chaos. As the teachers bent over Justin and Nearly Headless Nick, examining them, Peeves broke into song:'),
('rdoblemx', 'Westbrookty', '0', 'scaplinnv', '2020-11-04', '2020-11-04', 'Completed', 74.8323136396572, 'Cash', NULL, NULL),
('deverton82', 'Angety', '0', 'scaplinnv', '2020-11-06', '2020-11-06', 'Completed', 97.29130306448128, 'Credit Card', NULL, NULL),
('hdhooghe5k', 'Chickity', '0', 'scaplinnv', '2020-11-06', '2020-11-06', 'Completed', 74.72785552946661, 'Credit Card', NULL, NULL),
('dsauniernm', 'Ginnifety', '0', 'scaplinnv', '2020-11-13', '2020-11-13', 'Pending', 53.25188223943921, 'Cash', NULL, NULL),
('rtottman9j', 'Giulity', '0', 'scaplinnv', '2020-11-11', '2020-11-13', 'Accepted', 91.7136941630749, 'Credit Card', NULL, NULL),
('skelle4u', 'Fayty', '0', 'scaplinnv', '2020-11-14', '2020-11-15', 'Accepted', 72.82124731825645, 'Cash', NULL, NULL),
('gdanielyoa', 'Lority', '0', 'scaplinnv', '2020-11-15', '2020-11-15', 'Pending', 40, 'Credit Card', NULL, NULL),
('krallings9k', 'Gerity', '0', 'scaplinnv', '2020-11-22', '2020-11-22', 'Accepted', 66.93418584704139, 'Credit Card', NULL, NULL),
('ofilder6', 'Carinty', '0', 'scaplinnv', '2020-11-22', '2020-11-22', 'Pending', 100.58352910173893, 'Credit Card', NULL, NULL),
('agonthardq', 'Theodority', '0', 'scaplinnv', '2020-11-29', '2020-11-29', 'Accepted', 98.74861832173188, 'Credit Card', NULL, NULL),
('cmaxwailegu', 'Bartety', '0', 'scaplinnv', '2020-11-29', '2020-11-30', 'Accepted', 94.92773236971621, 'Cash', NULL, NULL),
('jvescoviniev', 'Mauristy', '0', 'pmuldoon8w', '2020-10-11', '2020-10-11', 'Completed', 60.89427679152416, 'Cash', '4', '"I mean, nobody wishes more than I do that it had all been quick and clean, and my head had come off properly, I mean, it would have saved me a great deal of pain and ridicule. However - " Nearly Headless Nick shook his letter open and read furiously:'),
('bsprasen9r', 'Margarettty', '0', 'pmuldoon8w', '2020-10-11', '2020-10-11', 'Completed', 106.35412476314445, 'Cash', '2', 'Harry had inherited just one thing from his father: a long and silvery Invisibility Cloak. It was their only chance of sneaking out of the school to visit Hagrid without anyone knowing about it. They went to bed at the usual time, waited until Neville, Dean, and Seamus had stopped discussing the Chamber of Secrets and finally fallen asleep, then got up, dressed again, and threw the cloak over themselves.'),
('gelphinstoneci', 'Carcty', '0', 'pmuldoon8w', '2020-10-12', '2020-10-13', 'Completed', 40, 'Cash', NULL, NULL),
('rtockeo', 'Kevoty', '0', 'pmuldoon8w', '2020-10-12', '2020-10-12', 'Completed', 40, 'Credit Card', '4', 'The staffroom door banged open again. For one wild moment, Harry was sure it would be Dumbledore.'),
('bcolgana2', 'Claudinty', '0', 'pmuldoon8w', '2020-10-16', '2020-10-16', 'Completed', 82.66514616469613, 'Cash', '4', 'When the hubbub had subsided, Professor McGonagall said, "Professor Sprout has informed me that the Mandrakes are ready for cutting at last. Tonight, we will be able to revive those people who have been Petrified. I need hardly remind you all that one of them may well be able to tell us who, or what, attacked them. I am hopeful that this dreadful year will end with our catching the culprit."'),
('dblaineil', 'Geoffrty', '0', 'pmuldoon8w', '2020-10-16', '2020-10-16', 'Completed', 49.07927411486715, 'Credit Card', '3', '"Now, Professor Dumbledore has granted me permission to start this little dueling club, to train you all in case you ever need to defend yourselves as I myself have done on countless occasions - for full details, see my published works.'),
('mpaddockiu', 'Darty', '0', 'pmuldoon8w', '2020-10-26', '2020-10-28', 'Completed', 40, 'Credit Card', '4', '"Oh, very well," he said slowly. "Let me see ... the Chamber of Secrets . . .'),
('aengledow5l', 'Marjty', '0', 'pmuldoon8w', '2020-10-26', '2020-10-28', 'Completed', 40, 'Credit Card', '4', 'And then, just as he had begun to worry about what would happen when he hit the ground, the pipe leveled out, and he shot out of the end with a wet thud, landing on the damp floor of a dark stone tunnel large enough to stand in. Lockhart was getting to his feet a little ways away, covered in slime and white as a ghost. Harry stood aside as Ron came whizzing out of the pipe, too.'),
('gescreet51', 'Godivty', '0', 'pmuldoon8w', '2020-11-02', '2020-11-02', 'Completed', 93.93315318567215, 'Credit Card', '2', '"Harry Potter asks if he can help Dobby . . . Dobby has heard of your greatness, sir, but of your goodness, Dobby never knew. ..."'),
('lmackernessm9', 'Margarettty', '0', 'pmuldoon8w', '2020-11-02', '2020-11-02', 'Completed', 87.3742726051202, 'Credit Card', '3', 'With a loud ripping noise, his bag split in two. His books, wand, parchment, and quill spilled onto the floor and his ink bottle smashed over everything.'),
('gpepperdb8', 'Trumainty', '0', 'pmuldoon8w', '2020-11-27', '2020-11-27', 'Pending', 40, 'Credit Card', NULL, NULL),
('akolodziejskii', 'Lucinty', '0', 'pmuldoon8w', '2020-11-27', '2020-11-27', 'Accepted', 103.46813626637288, 'Cash', NULL, NULL),
('gbrokenshaw46', 'Koenraaty', '0', 'mhowelli5', '2020-10-01', '2020-10-01', 'Completed', 51.400707229152204, 'Cash', NULL, NULL),
('cbonaviad5', 'Randaty', '0', 'mhowelli5', '2020-10-01', '2020-10-01', 'Completed', 40, 'Cash', '3', '"It was Hagrid, Ron. Hagrid opened the Chamber of Secrets fifty years ago."'),
('dblaineil', 'Geoffrty', '0', 'mhowelli5', '2020-10-04', '2020-10-04', 'Completed', 85.59798696055313, 'Credit Card', '2', 'Harry heard Ron gasp and looked up again. He had made up his mind what he was going to do.'),
('rmaddamsa5', 'Belitty', '0', 'mhowelli5', '2020-10-03', '2020-10-04', 'Completed', 92.81196509786233, 'Cash', '2', 'But Hermione was spared answering by Madam Pomfrey sweeping over with her evening dose of medicine.'),
('fweaversi3', 'Luisty', '0', 'mhowelli5', '2020-10-12', '2020-10-14', 'Completed', 86.0849924155338, 'Credit Card', NULL, NULL),
('rkirimaae1', 'Angety', '0', 'mhowelli5', '2020-10-15', '2020-10-16', 'Completed', 129.30573006058296, 'Cash', '2', 'they were congratulating each other on their brilliant scheme -'),
('hstoyle4a', 'Antonity', '0', 'mhowelli5', '2020-10-11', '2020-10-14', 'Completed', 93.05096747234707, 'Cash', '2', 'Click, click, click went the pincers of the spiders all around the hollow.'),
('itabourinp0', 'Chiquitty', '0', 'mhowelli5', '2020-10-20', '2020-10-20', 'Completed', 71.50771463940609, 'Cash', '4', 'the side mirror snap off as they squeezed past a large oak. After ten noisy, rocky minutes, the trees thinned, and Harry could again see patches of sky.'),
('keakly9d', 'Carinty', '0', 'mhowelli5', '2020-10-20', '2020-10-20', 'Completed', 51.32783314425686, 'Credit Card', '2', '"It has happened," she told the silent staffroom. "A student has been taken by the monster. Right into the Chamber itself."'),
('mransburybw', 'Dety', '0', 'mhowelli5', '2020-10-24', '2020-10-27', 'Completed', 62.76512684320675, 'Credit Card', '3', '"Snake language. You could have been saying anything - no wonder Justin panicked, you sounded like you were egging the snake on or something - it was creepy, you know - "'),
('eganniclifftic', 'Tadty', '0', 'mhowelli5', '2020-10-25', '2020-10-27', 'Completed', 85.05702730583734, 'Cash', NULL, NULL),
('sjaouencq', 'Melisandty', '0', 'mhowelli5', '2020-10-30', '2020-10-31', 'Completed', 86.03185953007181, 'Cash', NULL, NULL),
('arolfea8', 'Herolty', '0', 'mhowelli5', '2020-10-30', '2020-10-31', 'Completed', 68.66584031625331, 'Cash', '4', '"Medicine for my stomach," Ron grunted, and without further ado they sprinted the length of the Slytherin common room, hurled themselves at the stone wall, and dashed up the passage, hoping against hope that'),
('jbelcham80', 'Sabinty', '0', 'mhowelli5', '2020-11-03', '2020-11-03', 'Completed', 87.60460301176741, 'Cash', '4', 'The sun had now begun to shine weakly on Hogwarts again. Inside the castle, the mood had grown more hopeful. There had been no more attacks since those on Justin and Nearly Headless Nick, and Madam Pomfrey was pleased to report that the Mandrakes were becoming moody and secretive, meaning that they were fast leaving childhood.'),
('ybetteneylc', 'Fayty', '0', 'mhowelli5', '2020-11-03', '2020-11-03', 'Completed', 40, 'Cash', '4', 'Harry lay awake for hours that night. Through a gap in the curtains around his four-poster he watched snow starting to drift past the tower window and wondered ...'),
('omassenhoveqh', 'Brynnty', '0', 'mhowelli5', '2020-11-11', '2020-11-11', 'Completed', 65.82040827654411, 'Cash', '2', 'Harry arranged his face into what he hoped was a puzzled expression. Snape was looking right at him, and the bell that rang ten minutes later could not have been more welcome.'),
('thardan8i', 'Amabety', '0', 'mhowelli5', '2020-11-11', '2020-11-11', 'Completed', 68.99159105278575, 'Cash', '2', '"Not lost are you, my dear?" said a voice in his ear, making him jump.'),
('dsauniernm', 'Ginnifety', '0', 'mhowelli5', '2020-11-12', '2020-11-12', 'Accepted', 100.97837669989269, 'Credit Card', NULL, NULL),
('cmaxwailegu', 'Laurty', '0', 'mhowelli5', '2020-11-12', '2020-11-12', 'Accepted', 82.03523335981794, 'Credit Card', NULL, NULL),
('dblaineil', 'Geoffrty', '0', 'mhowelli5', '2020-11-15', '2020-11-15', 'Pending', 117.75152057471641, 'Credit Card', NULL, NULL),
('sdwelleyjt', 'Micaty', '0', 'mhowelli5', '2020-11-15', '2020-11-15', 'Pending', 54.67202986228111, 'Credit Card', NULL, NULL),
('mdarbishiremk', 'Genvievty', '0', 'mhowelli5', '2020-11-18', '2020-11-18', 'Accepted', 78.63904130949396, 'Credit Card', NULL, NULL),
('cdivea0', 'Tiffty', '0', 'mhowelli5', '2020-11-18', '2020-11-18', 'Accepted', 91.19434597022158, 'Cash', NULL, NULL),
('cgiggsbx', 'Isaiaty', '0', 'mhowelli5', '2020-11-25', '2020-11-25', 'Pending', 96.56871497659438, 'Credit Card', NULL, NULL),
('gdavid8', 'Annelisty', '0', 'mhowelli5', '2020-11-25', '2020-11-25', 'Pending', 62.895816764811315, 'Credit Card', NULL, NULL),
('lwolpert92', 'Carissty', '0', 'mhowelli5', '2020-11-30', '2020-11-30', 'Accepted', 96.66587042267469, 'Cash', NULL, NULL),
('sregnardb2', 'Hattty', '0', 'mhowelli5', '2020-11-30', '2020-11-30', 'Accepted', 76.49408317702299, 'Credit Card', NULL, NULL),
('bbotlerg2', 'Angety', '0', 'hreysoneg', '2020-10-02', '2020-10-03', 'Completed', 76.9077925408084, 'Cash', '4', 'It was nearly lunchtime and as Harry had only had one bit of treacle toffee since dawn, he was keen to go back to school to eat. They said good-bye to Hagrid and walked back up to the castle, Ron hiccoughing occasionally, but only bringing up two very small slugs.'),
('itabourinp0', 'Rhettty', '0', 'hreysoneg', '2020-10-02', '2020-10-02', 'Completed', 133.77963536464546, 'Credit Card', NULL, NULL),
('piacobini7o', 'Astrty', '0', 'hreysoneg', '2020-10-07', '2020-10-07', 'Completed', 91.29056080174604, 'Cash', NULL, NULL),
('thagergham9u', 'Emeldty', '0', 'hreysoneg', '2020-10-07', '2020-10-07', 'Completed', 52.67444864658298, 'Credit Card', '3', 'His eyes fell on Harry and then darted to the Kwikspell envelope, which, Harry realized too late, was lying two feet away from where it had started.'),
('bmithanlo', 'Neroty', '0', 'hreysoneg', '2020-10-13', '2020-10-13', 'Completed', 87.00113069269776, 'Credit Card', '4', 'Harry was just mounting his broom when Professor McGonagall came half marching, half running across the pitch, carrying an enormous purple megaphone.'),
('nproswelloe', 'Dominicty', '0', 'hreysoneg', '2020-10-12', '2020-10-13', 'Completed', 40, 'Credit Card', NULL, NULL),
('cobradane33', 'Darty', '0', 'hreysoneg', '2020-10-15', '2020-10-15', 'Completed', 90.38665942097177, 'Cash', NULL, NULL),
('akells73', 'Nety', '0', 'hreysoneg', '2020-10-15', '2020-10-15', 'Completed', 87.185751943085, 'Credit Card', '2', '"Read it!" he hissed evilly, brandishing the letter the owl had delivered. "Go on - read it!"'),
('ebrailey61', 'Melisandty', '0', 'hreysoneg', '2020-10-18', '2020-10-18', 'Completed', 56.47326135260727, 'Credit Card', NULL, NULL),
('wdartnellek', 'Annelisty', '0', 'hreysoneg', '2020-10-19', '2020-10-19', 'Completed', 98.59221462142469, 'Cash', '4', '- "maybe your friend could take it and I could stand next to you? And then, could you sign it?"'),
('escarrottgk', 'Theodority', '0', 'hreysoneg', '2020-10-25', '2020-10-26', 'Completed', 66.90397483222443, 'Credit Card', '4', '"Really?" said Mr. Weasley eagerly. "Were there escapators? How exactly - "'),
('dlinkleterdq', 'Carcty', '1', 'hreysoneg', '2020-10-25', '2020-10-25', 'Completed', 83.77419252231661, 'Credit Card', NULL, NULL),
('hderechter5o', 'Thomaty', '0', 'hreysoneg', '2020-10-28', '2020-10-30', 'Completed', 82.08485360850459, 'Cash', '2', '"You were seen," he hissed, showing them the headline: FLYING FORD ANGLIA MYSTIFIES MUGGLES. He began to read aloud: "Two Muggles in London, convinced they saw an old car flying over the Post Office tower ... at noon in Norfolk, Mrs. Hetty Bayliss, while hanging out her washing ... Mr. Angus Fleet, of Peebles, reported to police ... Six or seven Muggles in all. I believe your father works in the Misuse of Muggle Artifacts Office?" he said, looking up at Ron and smiling still more nastily. "Dear, dear ... his own son ..."'),
('rcraino8', 'Monroty', '0', 'hreysoneg', '2020-10-31', '2020-10-31', 'Completed', 72.3194239332726, 'Cash', '2', '"All right there, Scarhead?" yelled Malfoy, shooting underneath him as though to show off the speed of his broom.'),
('csimchenko94', 'Dolpty', '0', 'hreysoneg', '2020-11-02', '2020-11-02', 'Completed', 70.739836558075, 'Cash', '4', 'Harry managed not to shout out, but it was a close thing. The little creature on the bed had large, bat- like ears and bulging green eyes the size of tennis balls. Harry knew instantly that this was what had been watching him out of the garden hedge that morning.'),
('ashattock51', 'Odelty', '0', 'hreysoneg', '2020-11-02', '2020-11-02', 'Completed', 60.300547441660854, 'Credit Card', '3', '"When I tell you to put them on, make sure your ears are completely covered," said Professor Sprout. "When it is safe to remove them, I will give you the thumbs- up. Right - earmuffs on."'),
('thagergham9u', 'Cecillty', '0', 'hreysoneg', '2020-11-08', '2020-11-09', 'Completed', 121.4483670189082, 'Credit Card', '3', '"Close one, Harry!" said George, streaking past him with his club in his hand, ready to knock the Bludger back toward a Slytherin. Harry saw George give the Bludger a powerful whack in the direction of Adrian Pucey, but the Bludger changed direction in midair and shot straight for Harry again.'),
('oantwismi', 'Gabbity', '0', 'hreysoneg', '2020-11-07', '2020-11-11', 'Completed', 54.6905689592008, 'Credit Card', NULL, NULL),
('lkiraoy', 'Theressty', '0', 'hreysoneg', '2020-11-07', '2020-11-08', 'Completed', 52.34971145012007, 'Credit Card', NULL, NULL),
('sogilviemb', 'Chiquitty', '0', 'hreysoneg', '2020-11-13', '2020-11-13', 'Accepted', 99.95512222200976, 'Cash', NULL, NULL),
('orielly17', 'Sylaty', '0', 'hreysoneg', '2020-11-14', '2020-11-14', 'Accepted', 68.96519545530745, 'Cash', NULL, NULL),
('balvaradogx', 'Emmty', '0', 'hreysoneg', '2020-11-23', '2020-11-23', 'Pending', 76.36698269882484, 'Credit Card', NULL, NULL),
('wlargemc', 'Laureety', '0', 'hreysoneg', '2020-11-22', '2020-11-23', 'Accepted', 51.340979040784916, 'Cash', NULL, NULL),
('ajeffreysr1', 'Aurlity', '0', 'hreysoneg', '2020-11-29', '2020-11-30', 'Accepted', 63.4587514393587, 'Cash', NULL, NULL),
('sdermott2c', 'Amabety', '0', 'hreysoneg', '2020-11-29', '2020-11-30', 'Accepted', 90.36204908274478, 'Credit Card', NULL, NULL),
('ashattock51', 'Odelty', '0', 'bhillingc0', '2020-10-02', '2020-10-02', 'Completed', 48.638332416453814, 'Cash', NULL, NULL),
('rkirimaae1', 'Angety', '0', 'bhillingc0', '2020-10-02', '2020-10-03', 'Completed', 74.09352223920787, 'Cash', NULL, NULL),
('ysolleyl', 'Ciety', '0', 'bhillingc0', '2020-10-07', '2020-10-07', 'Completed', 87.48183613094535, 'Credit Card', '3', 'They stepped off the stone staircase at the top, and Professor McGonagall rapped on the door. It opened silently and they entered. Professor McGonagall told Harry to wait and left him there, alone.'),
('emcilhagga79', 'Clementity', '0', 'bhillingc0', '2020-10-06', '2020-10-07', 'Completed', 61.41662509662518, 'Cash', NULL, NULL),
('mkielty4v', 'Bordty', '0', 'bhillingc0', '2020-10-14', '2020-10-16', 'Completed', 51.58695738355799, 'Cash', '3', 'Harry managed not to shout out, but it was a close thing. The little creature on the bed had large, bat- like ears and bulging green eyes the size of tennis balls. Harry knew instantly that this was what had been watching him out of the garden hedge that morning.'),
('bbotlerg2', 'Angety', '0', 'bhillingc0', '2020-10-14', '2020-10-14', 'Completed', 83.7759552557431, 'Credit Card', '3', '"May I take you through to the dining room, Mrs. Mason?" said Dudley, offering his fat arm to an invisible woman.'),
('cvasilenko57', 'Hortoty', '0', 'bhillingc0', '2020-10-24', '2020-10-24', 'Completed', 59.5261476525496, 'Credit Card', '2', 'They smashed their way through the undergrowth, Fang howling loudly in the back seat, and Harry saw'),
('mfowlec3', 'Abbty', '0', 'bhillingc0', '2020-10-24', '2020-10-24', 'Completed', 62.55868386203447, 'Credit Card', '2', '"Come ... come to me. ... Let me rip you. ... Let me tear you. ... Let me kill you. ..."'),
('csimchenko94', 'Tadty', '0', 'bhillingc0', '2020-10-28', '2020-10-28', 'Completed', 66.25567864519171, 'Cash', NULL, NULL),
('carchdeacon76', 'Olivety', '0', 'bhillingc0', '2020-10-29', '2020-10-29', 'Completed', 43.54929021268599, 'Cash', NULL, NULL),
('rforsdikejb', 'Carcty', '0', 'bhillingc0', '2020-11-09', '2020-11-10', 'Completed', 65.12405560138636, 'Credit Card', NULL, NULL),
('fcocksedgeog', 'Trumainty', '0', 'bhillingc0', '2020-11-10', '2020-11-10', 'Completed', 47.331759806791894, 'Credit Card', '4', 'It would have been better if he had shouted. Harry hated the disappointment in his voice. For some reason, he was unable to look Dumbledore in the eyes, and spoke instead to his knees. He told Dumbledore everything except that Mr. Weasley owned the bewitched car, making it sound as though he and Ron had happened to find a flying car parked outside the station. He knew Dumbledore would see through this at once, but Dumbledore asked no questions about the car. When Harry had finished, he merely continued to peer at them through his spectacles.'),
('dblaineil', 'Geoffrty', '0', 'bhillingc0', '2020-11-08', '2020-11-10', 'Completed', 85.24913347383547, 'Credit Card', '3', '"Watch out for the bottom stair - it creaks," Harry whispered back as the twins disappeared onto the dark landing.'),
('wgillicuddyhq', 'Emmyty', '0', 'bhillingc0', '2020-11-20', '2020-11-21', 'Accepted', 42.58117367861673, 'Credit Card', NULL, NULL),
('rkirimaae1', 'Kerrty', '0', 'bhillingc0', '2020-11-20', '2020-11-23', 'Pending', 85.3087163950926, 'Credit Card', NULL, NULL),
('acurrell9d', 'Heindricty', '0', 'bhillingc0', '2020-11-26', '2020-11-27', 'Accepted', 43.433843047456506, 'Credit Card', NULL, NULL),
('cgiggsbx', 'Roanty', '0', 'bhillingc0', '2020-11-27', '2020-11-27', 'Pending', 57.50257404056839, 'Cash', NULL, NULL),
('lgwatkinhh', 'Xaviety', '0', 'lfain7b', '2020-10-01', '2020-10-01', 'Completed', 61.247431029658124, 'Credit Card', '3', '"No," said Harry. "Not unless you know where we can get seven free Nimbus Two Thousand and Ones for our match against Sly - "'),
('gdanielyoa', 'Theressty', '0', 'lfain7b', '2020-10-01', '2020-10-01', 'Completed', 97.920902736904, 'Cash', '4', '"Pitiful," said Fred. "I bet I can get mine beyond that stump."'),
('bdallmannlp', 'Kevyty', '0', 'lfain7b', '2020-10-05', '2020-10-05', 'Completed', 66.95005383289119, 'Cash', '3', 'And the ground and the dirty buildings on either side fell away, dropping out of sight as the car rose; in seconds, the whole of London lay, smoky and glittering, below them.'),
('lbenza1y', 'Cortty', '0', 'lfain7b', '2020-10-05', '2020-10-05', 'Completed', 90.63246402661055, 'Cash', NULL, NULL),
('elangfittae', 'Xaviety', '0', 'lfain7b', '2020-10-05', '2020-10-05', 'Completed', 74.01872564172507, 'Credit Card', NULL, NULL),
('dchaddockb1', 'Dorrity', '0', 'lfain7b', '2020-10-05', '2020-10-05', 'Completed', 72.11508428734115, 'Credit Card', '3', '"Reliable historical sources tell us this much," he said. "But these honest facts have been obscured by the fanciful legend of the Chamber of Secrets. The story goes that Slytherin had built a hidden chamber in the castle, of which the other founders knew nothing.'),
('carmaneo', 'Laurty', '0', 'lfain7b', '2020-10-10', '2020-10-10', 'Completed', 104.65264829792503, 'Cash', '4', 'October arrived, spreading a damp chill over the grounds and into the castle. Madam Pomfrey, the nurse, was kept busy by a sudden spate of colds among the staff and students. Her Pepperup Potion worked instantly, though it left the drinker smoking at the ears for several hours afterward. Ginny Weasley, who had been looking pale, was bullied into taking some by Percy. The steam pouring from under her vivid hair gave the impression that her whole head was on fire.'),
('ntackesmz', 'Catty', '0', 'lfain7b', '2020-10-10', '2020-10-10', 'Completed', 40, 'Cash', '4', 'Harry dashed around his room, collecting his things and passing them out of the window to Ron. Then he went to help Fred and George heave his trunk up the stairs. Harry heard Uncle Vernon cough.'),
('kguppyik', 'Tiffty', '0', 'lfain7b', '2020-10-14', '2020-10-14', 'Completed', 66.88325459211262, 'Credit Card', NULL, NULL),
('jbodem0', 'Brendity', '0', 'lfain7b', '2020-10-14', '2020-10-14', 'Completed', 55.80904997559033, 'Cash', '3', 'Aragog clicked his pincers furiously, and all around the hollow the sound was echoed by the crowd of'),
('egrousejg', 'Ignaciuty', '0', 'lfain7b', '2020-10-17', '2020-10-17', 'Completed', 40, 'Credit Card', '3', 'Harry and Ron waited with bated breath: Malfoy was surely seconds away from telling them it was him - but then -'),
('rdabrowskiov', 'Isidorty', '0', 'lfain7b', '2020-10-17', '2020-10-17', 'Completed', 80.04948960608237, 'Credit Card', NULL, NULL),
('mdarbishiremk', 'Genvievty', '0', 'lfain7b', '2020-10-18', '2020-10-19', 'Completed', 77.41052122501232, 'Cash', NULL, NULL),
('rgorellipw', 'Kimblty', '0', 'lfain7b', '2020-10-18', '2020-10-20', 'Completed', 72.20542093266877, 'Cash', '2', 'They could hardly see for the thick black smoke issuing from the stall in which Hermione was stirring the cauldron. Pulling their robes up over their faces, Harry and Ron knocked softly on the door.'),
('mdarbishiremk', 'Reillty', '0', 'lfain7b', '2020-10-24', '2020-10-24', 'Completed', 76.28209191692571, 'Cash', '2', '"In trouble?" said the aged spider, and Harry thought he heard concern beneath the clicking pincers. "But why has he sent you?"'),
('rboykett9n', 'Khality', '0', 'lfain7b', '2020-10-24', '2020-10-24', 'Completed', 81.84460448167505, 'Cash', NULL, NULL),
('lgerckeau', 'Tootsity', '0', 'lfain7b', '2020-10-24', '2020-10-24', 'Completed', 80.20008029406291, 'Cash', '4', '"I wish people would stop talking behind my back!" said Myrtle, in a voice choked with tears. "I do have feelings, you know, even if I am dead - "'),
('mdarbishiremk', 'Reillty', '0', 'lfain7b', '2020-10-29', '2020-10-29', 'Completed', 83.590834844839, 'Cash', NULL, NULL),
('droscamps36', 'Dalilty', '0', 'lfain7b', '2020-10-29', '2020-10-29', 'Completed', 100.17326856095067, 'Credit Card', '4', 'For a minute, neither of them spoke. Then Dumbledore pulled open one of the drawers in'),
('bbotlerg2', 'Mety', '0', 'lfain7b', '2020-11-04', '2020-11-04', 'Completed', 73.72815516671528, 'Credit Card', '4', 'Harry stood, irresolute, trying to catch the voice again, but people were now emerging from the Great'),
('rtottman9j', 'Giulity', '0', 'lfain7b', '2020-11-04', '2020-11-04', 'Completed', 122.81660081688707, 'Cash', NULL, NULL),
('emccrostie44', 'Ardinty', '0', 'lfain7b', '2020-11-05', '2020-11-05', 'Completed', 46.034637426534445, 'Credit Card', '4', '"Hello," said Harry happily as she landed on his bed. "Are you speaking to me again?"'),
('bcolgana2', 'Gilliaty', '0', 'lfain7b', '2020-11-05', '2020-11-05', 'Completed', 43.30299915590052, 'Credit Card', '2', 'Harry snapped the earmuffs over his ears. They shut out sound completely. Professor Sprout put the pink, fluffy pair over her own ears, rolled up the sleeves of her robes, grasped one of the tufty plants firmly, and pulled hard.'),
('sfidgeha', 'Taryty', '0', 'lfain7b', '2020-11-05', '2020-11-05', 'Completed', 47.54688245129201, 'Credit Card', '4', '"The Chamber of Secrets has been opened before?" Hermione said.'),
('bmounceyoi', 'Malorty', '0', 'lfain7b', '2020-11-09', '2020-11-11', 'Completed', 98.95817092017606, 'Cash', NULL, NULL),
('rortellsjo', 'Basiliuty', '0', 'lfain7b', '2020-11-10', '2020-11-11', 'Completed', 65.62452155939218, 'Credit Card', '4', 'Meanwhile, hidden from the teachers, a roaring trade in talismans, amulets, and other protective devices was sweeping the school. Neville Longbottom bought a large, evil-smelling green onion, a pointed purple crystal, and a rotting newt tail before the other Gryffindor boys pointed out that he was in no danger;'),
('droscamps36', 'Dalilty', '0', 'lfain7b', '2020-11-16', '2020-11-16', 'Pending', 88.0155104967912, 'Credit Card', NULL, NULL),
('vbettenaygp', 'Christoffety', '0', 'lfain7b', '2020-11-20', '2020-11-21', 'Pending', 40, 'Cash', NULL, NULL),
('sdwelleyjt', 'Micaty', '0', 'lfain7b', '2020-11-24', '2020-11-25', 'Accepted', 89.72675065261346, 'Credit Card', NULL, NULL),
('rtockeo', 'Phillipty', '0', 'lfain7b', '2020-11-26', '2020-11-26', 'Pending', 121.73406736887529, 'Cash', NULL, NULL),
('hswaden4d', 'Robinety', '0', 'feliah5', '2020-10-03', '2020-10-04', 'Completed', 76.40529516047663, 'Credit Card', '2', 'Madam Pince held the note up to the light, as though determined to detect a forgery, but it passed the test. She stalked away between the lofty shelves and returned several minutes later carrying a large and moldy-looking book. Hermione put it carefully into her bag and they left, trying not to walk too quickly or look too guilty.'),
('bbotlerg2', 'Humfriety', '0', 'feliah5', '2020-10-02', '2020-10-04', 'Completed', 77.03106649696909, 'Credit Card', '4', '"At least no one on the Gryffindor team had to buy their way in," said Hermione sharply. "They got in on pure talent."'),
('bcolgana2', 'Claudinty', '0', 'feliah5', '2020-10-09', '2020-10-09', 'Completed', 50.7395656009607, 'Cash', '2', 'He heard Ron give a strangled cheer, and they turned the next bend to see his eager face staring through the sizable gap he had managed to make in the rockfall.'),
('krallings9k', 'Gerity', '0', 'feliah5', '2020-10-08', '2020-10-09', 'Completed', 54.954716093759544, 'Cash', '3', '"Well go and get our stuff," said Ron in a hopeless sort of voice.'),
('mcurror8e', 'Bettinty', '0', 'feliah5', '2020-10-15', '2020-10-15', 'Completed', 40, 'Cash', '4', 'Malfoy sneered and motioned for Harry and Ron to follow him. Harry almost said something apologetic to'),
('ogrint9o', 'Taryty', '0', 'feliah5', '2020-10-15', '2020-10-15', 'Completed', 92.63474471446328, 'Cash', '2', 'There was a dull thud and a loud "ow!" It sounded as though Ron had just kicked Lockhart in the shins.'),
('lblaesqs', 'Cristinty', '0', 'feliah5', '2020-10-19', '2020-10-20', 'Completed', 91.26137272310103, 'Cash', '4', 'Harry fretted about this next to the fire in the Gryffindor common room, while Ron and Hermione used their time off to play a game of wizard chess.'),
('adulwitchbx', 'Carcty', '0', 'feliah5', '2020-10-20', '2020-10-20', 'Completed', 111.25369062445642, 'Cash', '2', 'broomstick for support. Malfoy was on all fours, banging the ground with his fist. The Gryffindors were gathered around Ron, who kept belching large, glistening slugs. Nobody seemed to want to touch him.'),
('kshout8l', 'Margarethty', '0', 'feliah5', '2020-10-23', '2020-10-24', 'Completed', 85.22372335664569, 'Credit Card', '2', 'The attack had also had an effect on Hermione. It was quite usual for Hermione to spend a lot of time reading, but she was now doing almost nothing else. Nor could Harry and Ron get much response from her when they asked what she was up to, and not until the following Wednesday did they find out.'),
('ysolleyl', 'Ciety', '0', 'feliah5', '2020-10-22', '2020-10-22', 'Completed', 79.65396031572502, 'Cash', '4', 'He hardly seemed to know what he was doing. He nearly extinguished the fire, spilling water from the kettle on it, and then smashed the teapot with a nervous jerk of his massive hand.'),
('elangfittae', 'Xaviety', '0', 'feliah5', '2020-10-26', '2020-10-26', 'Completed', 97.03219817472812, 'Credit Card', '2', 'Mr. Malfoy almost knocked Harry over as he swept into the room. Dobby went scurrying in after him, crouching at the hem of his cloak, a look of abject terror on his face.'),
('bratledgeks', 'Augustty', '0', 'feliah5', '2020-10-25', '2020-10-25', 'Completed', 64.99349854251277, 'Credit Card', NULL, NULL),
('jfrancombo3', 'Carcty', '0', 'feliah5', '2020-11-01', '2020-11-02', 'Completed', 95.12725172005189, 'Cash', NULL, NULL),
('crembrandtly', 'Hallty', '0', 'feliah5', '2020-10-30', '2020-10-31', 'Completed', 113.50086956730658, 'Credit Card', '3', '"I mean that this diary holds memories of terrible things. Things that were covered up. Things that happened at Hogwarts School of Witchcraft and Wizardry."'),
('sdwelleyjt', 'Micaty', '0', 'feliah5', '2020-11-28', '2020-11-28', 'Pending', 77.57909838043281, 'Cash', NULL, NULL),
('kdiegoc8', 'Kality', '0', 'feliah5', '2020-11-28', '2020-11-28', 'Pending', 64.59452006096099, 'Credit Card', NULL, NULL),
('mackeroydnm', 'Darty', '0', 'vvreiberg9f', '2020-10-09', '2020-10-16', 'Completed', 52.03823053597286, 'Cash', NULL, NULL),
('mdarbishiremk', 'Genvievty', '0', 'vvreiberg9f', '2020-10-13', '2020-10-14', 'Completed', 87.502840197004, 'Credit Card', '3', '"Off you go, move along there," Lockhart called to the crowd, and he set off back to the castle with Harry, who was wishing he knew a good Vanishing Spell, still clasped to his side.'),
('eletchfordfw', 'Ernestty', '0', 'vvreiberg9f', '2020-10-16', '2020-10-22', 'Completed', 91.5671662545908, 'Credit Card', '4', 'In spite of himself, Harry leaned around his pile of books for a better look at the cage. Lockhart placed a hand on the cover. Dean and Seamus had stopped laughing now. Neville was cowering in his front row seat.'),
('dfernandezar', 'Dannty', '0', 'vvreiberg9f', '2020-10-06', '2020-10-09', 'Completed', 101.3520144682658, 'Cash', NULL, NULL),
('pspightni', 'Gennty', '0', 'vvreiberg9f', '2020-10-11', '2020-10-15', 'Completed', 103.3784181310547, 'Cash', '5', 'The moment the door had closed, Mr. Borgin dropped his oily manner.'),
('rlunnp6', 'Laurty', '0', 'vvreiberg9f', '2020-10-14', '2020-10-19', 'Completed', 82.16138787340473, 'Credit Card', '5', '"This way," he shouted, and he began to run, up the stairs, into the entrance hall. It was no good hoping to hear anything here, the babble of talk from the Halloween feast was echoing out of the Great Hall. Harry sprinted up the marble staircase to the first floor, Ron and Hermione clattering behind him.'),
('jrojako', 'Dannty', '0', 'vvreiberg9f', '2020-10-07', '2020-10-10', 'Completed', 92.91704272037744, 'Cash', '4', 'Ginny Weasley, who sat next to Colin Creevey in Charms, was distraught, but Harry felt that Fred and George were going the wrong way about cheering her up. They were taking turns covering themselves with fur or boils and jumping out at her from behind statues. They only stopped when Percy, apoplectic with rage, told them he was going to write to Mrs. Weasley and tell her Ginny was having nightmares.'),
('vzannotellik1', 'Tommty', '0', 'vvreiberg9f', '2020-10-13', '2020-10-20', 'Completed', 40, 'Credit Card', NULL, NULL),
('sfidgeha', 'Merralety', '0', 'vvreiberg9f', '2020-10-26', '2020-10-26', 'Completed', 40, 'Cash', '3', '"We have a very different idea of what disgraces the name of wizard, Malfoy," he said.'),
('lnicklenpd', 'Sylaty', '0', 'vvreiberg9f', '2020-10-05', '2020-10-12', 'Completed', 82.46708349443396, 'Cash', '5', 'Riddle slid off his chair and slouched out of the room. Harry followed him.'),
('hgulliverj3', 'Aurlity', '0', 'vvreiberg9f', '2020-10-22', '2020-10-27', 'Completed', 41.449878575710876, 'Credit Card', NULL, NULL),
('lparksk2', 'Angellty', '0', 'vvreiberg9f', '2020-10-06', '2020-10-13', 'Completed', 78.3049188764159, 'Credit Card', NULL, NULL),
('smerwedec5', 'Jeddty', '0', 'vvreiberg9f', '2020-11-03', '2020-11-07', 'Completed', 77.86676159928807, 'Cash', NULL, NULL),
('ryakunin44', 'Gennty', '0', 'vvreiberg9f', '2020-11-05', '2020-11-08', 'Completed', 67.71288093773563, 'Cash', '5', 'Ron unlocked the cavernous trunk with a series of taps from his wand. They heaved their luggage back in, put Hedwig on the back seat, and got into the front.'),
('dsauniernm', 'Ginnifety', '0', 'vvreiberg9f', '2020-11-03', '2020-11-06', 'Completed', 58.86228899401267, 'Credit Card', '4', 'Dumbledore took the diary from Harry and peered keenly down his long, crooked nose at its burnt and soggy pages.'),
('rdoblemx', 'Godivty', '0', 'vvreiberg9f', '2020-11-06', '2020-11-07', 'Completed', 57.463296936411936, 'Credit Card', '3', 'The serpents parted as the wall cracked open, the halves slid smoothly out of sight, and Harry, shaking from head to foot, walked inside.'),
('aengledow5l', 'Marjty', '0', 'vvreiberg9f', '2020-11-09', '2020-11-09', 'Completed', 40, 'Credit Card', '5', 'Harry let out a gasp of surprise that no one could hear.'),
('aauldb0', 'Sharlty', '0', 'vvreiberg9f', '2020-11-06', '2020-11-09', 'Completed', 44.69585898186348, 'Cash', NULL, NULL),
('jdhennin3v', 'Andrety', '0', 'vvreiberg9f', '2020-11-07', '2020-11-07', 'Completed', 47.545633760865236, 'Cash', NULL, NULL),
('aauldb0', 'Sharlty', '0', 'vvreiberg9f', '2020-11-03', '2020-11-04', 'Completed', 40, 'Cash', '3', 'A week later, Harry, Ron, and Hermione were walking across the entrance hall when they saw a small knot of people gathered around the notice board, reading a piece of parchment that had just been pinned up. Seamus Finnigan and Dean Thomas beckoned them over, looking excited.'),
('mgarnamk4', 'Alforty', '0', 'vvreiberg9f', '2020-11-03', '2020-11-05', 'Completed', 46.72673271795995, 'Credit Card', '3', 'Harry arranged his face into what he hoped was a puzzled expression. Snape was looking right at him, and the bell that rang ten minutes later could not have been more welcome.'),
('ilindelof3r', 'Ronnty', '0', 'vvreiberg9f', '2020-11-20', '2020-11-27', 'Accepted', 51.87322200646561, 'Cash', NULL, NULL),
('nmaiseygo', 'Ginnifety', '0', 'vvreiberg9f', '2020-11-28', '2020-11-30', 'Accepted', 66.16868654453327, 'Credit Card', NULL, NULL),
('thardan8i', 'Amabety', '0', 'vvreiberg9f', '2020-11-23', '2020-11-23', 'Accepted', 67.76806538552253, 'Credit Card', NULL, NULL),
('cgiggsbx', 'Isaiaty', '0', 'vvreiberg9f', '2020-11-17', '2020-11-24', 'Accepted', 86.95406559629468, 'Cash', NULL, NULL),
('ufrankcombe5h', 'Nety', '0', 'vvreiberg9f', '2020-11-21', '2020-11-28', 'Accepted', 60.12722722084702, 'Cash', NULL, NULL),
('othingir', 'Ciety', '0', 'vvreiberg9f', '2020-11-28', '2020-11-30', 'Accepted', 44.539375281682, 'Credit Card', NULL, NULL),
('pengel2b', 'Christty', '0', 'vvreiberg9f', '2020-11-17', '2020-11-19', 'Accepted', 66.54686742992087, 'Cash', NULL, NULL),
('mransburybw', 'Dety', '0', 'vvreiberg9f', '2020-11-26', '2020-11-29', 'Accepted', 60.95870383807441, 'Cash', NULL, NULL),
('fgamlin6a', 'Dominicty', '0', 'vvreiberg9f', '2020-11-22', '2020-11-29', 'Accepted', 40, 'Credit Card', NULL, NULL),
('hswaden4d', 'Robinety', '0', 'vvreiberg9f', '2020-11-25', '2020-11-27', 'Accepted', 69.90520676253058, 'Credit Card', NULL, NULL),
('ofilder6', 'Carinty', '0', 'vvreiberg9f', '2020-11-19', '2020-11-19', 'Accepted', 66.27197328157105, 'Cash', NULL, NULL),
('gkinnieja', 'Rutgety', '0', 'vvreiberg9f', '2020-11-17', '2020-11-19', 'Accepted', 93.96002025365397, 'Cash', NULL, NULL),
('aculrossjk', 'Domingty', '0', 'vvreiberg9f', '2020-11-25', '2020-11-25', 'Accepted', 93.84546696697947, 'Cash', NULL, NULL),
('bmounceyoi', 'Malorty', '0', 'twheway98', '2020-10-17', '2020-10-24', 'Completed', 40, 'Cash', '3', 'He gave a hearty guffaw and clapped Nearly Headless Nick on the shoulder.'),
('kifec', 'Cathyleety', '0', 'twheway98', '2020-11-20', '2020-11-26', 'Accepted', 67.03036964785716, 'Credit Card', NULL, NULL),
('bseverwright2h', 'Bettinty', '0', 'twheway98', '2020-10-02', '2020-10-09', 'Completed', 65.63992794474126, 'Cash', NULL, NULL),
('wroparsdp', 'Tomty', '0', 'twheway98', '2020-11-09', '2020-11-15', 'Accepted', 58.689582628311406, 'Cash', NULL, NULL),
('lkiraoy', 'Artematy', '0', 'twheway98', '2020-10-03', '2020-10-10', 'Completed', 97.04209804461098, 'Credit Card', NULL, NULL),
('amagrane58', 'Dolpty', '0', 'twheway98', '2020-10-21', '2020-10-28', 'Completed', 70.49122230830996, 'Cash', '5', '"In that case, perhaps we can return to my list," said Mr. Malfoy shortly. "I am in something of a hurry, Borgin, I have important business elsewhere today - "'),
('elangfittae', 'Vickty', '0', 'twheway98', '2020-10-21', '2020-10-23', 'Completed', 101.4343573006362, 'Credit Card', '4', '"Percy first," said Mrs. Weasley, looking nervously at the clock overhead, which showed they had only five minutes to disappear casually through the barrier.'),
('emcilhagga79', 'Gilliaty', '0', 'twheway98', '2020-11-10', '2020-11-17', 'Accepted', 95.10789009056145, 'Cash', NULL, NULL),
('mgarretts3l', 'Kaitlynty', '0', 'twheway98', '2020-10-20', '2020-10-27', 'Completed', 59.2931476519687, 'Cash', '4', '"We shall have to send all the students home tomorrow," said Professor McGonagall. "This is the end of Hogwarts. Dumbledore always said ..."'),
('fhawtin6p', 'Khality', '0', 'twheway98', '2020-10-20', '2020-10-27', 'Completed', 99.39856545759801, 'Cash', '3', '"Ah, sir, ask no more, ask no more of poor Dobby," stammered the elf, his eyes huge in the dark. "Dark deeds are planned in this place, but Harry Potter must not be here when they happen - go home,'),
('lfabri4t', 'Wordety', '0', 'twheway98', '2020-10-30', '2020-11-06', 'Completed', 125.70181709528063, 'Credit Card', '3', '"Dobby, sir. Just Dobby. Dobby the house-elf," said the creature.'),
('pengel2b', 'Christty', '0', 'twheway98', '2020-11-04', '2020-11-11', 'Completed', 109.63233738795682, 'Cash', NULL, NULL),
('othingir', 'Ciety', '0', 'twheway98', '2020-11-18', '2020-11-24', 'Accepted', 80.8532338885686, 'Credit Card', NULL, NULL),
('bphilcottig', 'Robinety', '0', 'twheway98', '2020-10-16', '2020-10-18', 'Completed', 43.10232922626225, 'Cash', '3', '"Well, this Halloween will be my five hundredth deathday," said Nearly Headless Nick, drawing himself up and looking dignified.'),
('hhousemanl8', 'Harmaty', '0', 'twheway98', '2020-11-05', '2020-11-05', 'Completed', 91.29113683713479, 'Cash', NULL, NULL),
('sketchdz', 'Pembrokty', '0', 'dsingyardjz', '2020-10-02', '2020-10-09', 'Completed', 79.42433224959964, 'Credit Card', '4', 'At that moment, Uncle Vernon cleared his throat importantly and said, "Now, as we all know, today is a very important day."'),
('lbracknell56', 'Levty', '0', 'dsingyardjz', '2020-10-14', '2020-10-21', 'Completed', 52.39545161122635, 'Credit Card', NULL, NULL),
('rortellsjo', 'Basiliuty', '0', 'dsingyardjz', '2020-10-01', '2020-10-08', 'Completed', 84.4053309973422, 'Cash', '5', '"Is it something about the Chamber of Secrets? Have you seen something? Someone acting oddly?"'),
('fparsonaged6', 'Nolty', '0', 'dsingyardjz', '2020-10-20', '2020-10-22', 'Completed', 88.48121178486647, 'Credit Card', NULL, NULL),
('rtockeo', 'Kevoty', '0', 'dsingyardjz', '2020-10-16', '2020-10-22', 'Completed', 83.96379837669693, 'Credit Card', '5', '"Dobby doubts it, sir. Dobby is always having to punish himself for something, sir. They lets Dobby get on with it, sir. Sometimes they reminds me to do extra punishments. ..."'),
('aengledow5l', 'Marjty', '0', 'dsingyardjz', '2020-10-21', '2020-10-22', 'Completed', 92.64308572862237, 'Credit Card', '3', '"Not with me," said Mr. Malfoy, his long nostrils flaring.'),
('achesswas1', 'Lolty', '0', 'dsingyardjz', '2020-10-15', '2020-10-22', 'Completed', 40, 'Cash', '3', 'Instinctively, Harry looked at Dumbledore, who smiled faintly, the firelight glancing off his half-moon spectacles.'),
('tcounihane1', 'Khality', '0', 'dsingyardjz', '2020-10-13', '2020-10-20', 'Completed', 69.15374326598028, 'Cash', NULL, NULL),
('dchaddockb1', 'Gregorty', '0', 'dsingyardjz', '2020-10-07', '2020-10-14', 'Completed', 40, 'Cash', NULL, NULL),
('wroparsdp', 'Darlenty', '0', 'dsingyardjz', '2020-10-26', '2020-11-02', 'Completed', 91.2662798056676, 'Cash', '5', '"I have good news," she said, and the Great Hall, instead of falling silent, erupted.'),
('rtottman9j', 'Raynarty', '0', 'dsingyardjz', '2020-10-31', '2020-11-07', 'Completed', 107.20399973381404, 'Credit Card', '3', 'Yawning and shivering slightly, Harry climbed out of bed and tried to find his Quidditch robes.'),
('emccrostie44', 'Ardinty', '0', 'dsingyardjz', '2020-11-16', '2020-11-23', 'Accepted', 75.6246317190193, 'Credit Card', NULL, NULL),
('lvondrachgi', 'Andrety', '0', 'dsingyardjz', '2020-11-21', '2020-11-25', 'Accepted', 40, 'Credit Card', NULL, NULL),
('nproswelloe', 'Dominicty', '0', 'dsingyardjz', '2020-11-15', '2020-11-18', 'Accepted', 40, 'Credit Card', NULL, NULL),
('skelle4u', 'Fayty', '0', 'dsingyardjz', '2020-11-24', '2020-11-30', 'Accepted', 40, 'Credit Card', NULL, NULL),
('bfoldesk5', 'Suzettty', '0', 'dsingyardjz', '2020-11-28', '2020-11-30', 'Accepted', 130.878482470704, 'Cash', NULL, NULL),
('bbotlerg2', 'Mety', '0', 'dsingyardjz', '2020-11-19', '2020-11-20', 'Accepted', 40, 'Credit Card', NULL, NULL),
('nproswelloe', 'Dominicty', '0', 'dsingyardjz', '2020-11-19', '2020-11-23', 'Accepted', 65.1937095223746, 'Credit Card', NULL, NULL),
('vschulterlr', 'Betty', '0', 'dsingyardjz', '2020-11-18', '2020-11-19', 'Accepted', 69.33781420048398, 'Cash', NULL, NULL),
('rkirimaae1', 'Angety', '0', 'dsingyardjz', '2020-11-16', '2020-11-23', 'Accepted', 64.10466474668388, 'Credit Card', NULL, NULL),
('cvasilenko57', 'Hortoty', '0', 'dsingyardjz', '2020-11-20', '2020-11-27', 'Accepted', 40, 'Cash', NULL, NULL),
('ntackesmz', 'Catty', '0', 'ajeffes3f', '2020-10-20', '2020-10-27', 'Completed', 101.95752095839043, 'Cash', NULL, NULL),
('mbeswetherick7c', 'Isaaty', '0', 'ajeffes3f', '2020-10-28', '2020-11-04', 'Completed', 58.37148647382685, 'Credit Card', NULL, NULL),
('csimchenko94', 'Tadty', '0', 'ajeffes3f', '2020-10-07', '2020-10-14', 'Completed', 50.992563651698305, 'Cash', NULL, NULL),
('nessex9j', 'Chaty', '0', 'ajeffes3f', '2020-10-24', '2020-10-31', 'Completed', 65.5907293995052, 'Credit Card', NULL, NULL),
('sjaouencq', 'Welbity', '0', 'ajeffes3f', '2020-10-07', '2020-10-07', 'Completed', 67.13515735358675, 'Cash', '5', '"My wife used to sneer at my feeble charms, but one month into your fabulous Kwikspell course and I succeeded in turning her into a yak!'),
('csimchenko94', 'Tadty', '0', 'ajeffes3f', '2020-11-14', '2020-11-21', 'Accepted', 81.27009817367733, 'Cash', NULL, NULL),
('fweaversi3', 'Ivaty', '0', 'ajeffes3f', '2020-10-10', '2020-10-17', 'Completed', 78.1634293009018, 'Cash', '3', 'Hermione opened Moste Potente Potions carefully, and the three of them bent over the damp-spotted pages.'),
('sjanosevicow', 'Duty', '0', 'ajeffes3f', '2020-10-10', '2020-10-17', 'Completed', 68.51498915827494, 'Credit Card', '3', '"It never killed no one!" said the large boy, backing against the closed door. From behind him, Harry could hear a funny rustling and clicking.'),
('vbettenaygp', 'Christoffety', '0', 'ajeffes3f', '2020-10-12', '2020-10-19', 'Completed', 74.90070666712536, 'Cash', NULL, NULL),
('bbotlerg2', 'Angety', '0', 'ajeffes3f', '2020-10-25', '2020-11-01', 'Completed', 42.67383632743824, 'Cash', '5', '"Not a word to Molly," he whispered to Harry as he opened the trunk and showed him how it had been magically expanded so that the luggage fitted easily.'),
('nproswelloe', 'Dominicty', '0', 'ajeffes3f', '2020-10-27', '2020-11-03', 'Completed', 78.87542894799554, 'Credit Card', '5', 'In the end, they decided that they would not say anything to Hagrid unless there was another attack, and as more and more days went by with no whisper from the disembodied voice, they became hopeful that they would never need to talk to him about why he had been expelled. It was now nearly four months since Justin and Nearly Headless Nick had been Petrified, and nearly everybody seemed to think that the attacker, whoever it was, had retired for good. Peeves had finally got bored of his "Oh, Potter, you rotter" song, Ernie Macmillan asked Harry quite politely to pass a bucket of leaping toadstools in Herbology one day, and in March several of the Mandrakes threw a loud and raucous party in greenhouse three. This made Professor Sprout very happy.'),
('kshout8l', 'Margarethty', '0', 'ajeffes3f', '2020-11-12', '2020-11-19', 'Accepted', 78.92211215061577, 'Credit Card', NULL, NULL),
('swerrit33', 'Julity', '0', 'ajeffes3f', '2020-10-07', '2020-10-09', 'Completed', 113.2467107600549, 'Credit Card', NULL, NULL),
('dblaineil', 'Darlenty', '0', 'ajeffes3f', '2020-10-15', '2020-10-22', 'Completed', 70.92687584164847, 'Credit Card', '4', 'He had stayed still a second too long. The Bludger had hit him at last, smashed into his elbow, and Harry felt his arm break. Dimly, dazed by the searing pain in his arm, he slid sideways on his rain- drenched broom, one knee still crooked over it, his right arm dangling useless at his side - the Bludger came pelting back for a second attack, this time aiming at his face - Harry swerved out of the way, one idea firmly lodged in his numb brain: get to Malfoy.'),
('othingir', 'Madlety', '0', 'aculrossjk', '2020-11-18', '2020-11-25', 'Accepted', 57.78441525168705, 'Credit Card', NULL, NULL),
('kliggensh4', 'Siobhaty', '0', 'aculrossjk', '2020-11-05', '2020-11-12', 'Accepted', 99.20834856548767, 'Credit Card', NULL, NULL),
('krallings9k', 'Gerity', '0', 'aculrossjk', '2020-10-12', '2020-10-19', 'Completed', 63.74860795250589, 'Cash', '3', '"Aaargh!" said Ron as another twisted limb punched a large dent into his door; the windshield was now trembling under a hail of blows from knuckle-like twigs and a branch as thick as a battering ram was pounding furiously on the roof, which seemed to be caving -'),
('othingir', 'Madlety', '0', 'aculrossjk', '2020-10-15', '2020-10-18', 'Completed', 49.28127836803529, 'Credit Card', '3', '"Already here, Fudge," he said approvingly. "Good, good..."'),
('wleggisp7', 'Ardinty', '0', 'aculrossjk', '2020-11-04', '2020-11-11', 'Completed', 110.01236086920989, 'Credit Card', NULL, NULL),
('dpischel3d', 'Robinsoty', '0', 'aculrossjk', '2020-10-07', '2020-10-13', 'Completed', 88.66581912224098, 'Cash', '4', '"The whole point of keeping the school open at this time is for you to receive your education," she said sternly. "The exams will therefore take place as usual, and I trust you are all studying hard."'),
('lbracknell56', 'Claudinty', '0', 'aculrossjk', '2020-10-24', '2020-10-31', 'Completed', 69.2412045797588, 'Cash', '5', '"Another attack," said Dumbledore. "Minerva found him on the stairs."'),
('escarrottgk', 'Anne-marity', '0', 'aculrossjk', '2020-11-22', '2020-11-25', 'Accepted', 101.29701976682293, 'Credit Card', NULL, NULL),
('aengledow5l', 'Marjty', '0', 'aculrossjk', '2020-10-30', '2020-11-06', 'Completed', 71.77302889214494, 'Credit Card', '4', 'Lockhart was getting unsteadily to his feet. His hat had fallen off and his wavy hair was standing on end.'),
('ofilder6', 'Carinty', '0', 'aculrossjk', '2020-10-04', '2020-10-11', 'Completed', 95.48544356013946, 'Credit Card', '5', '"I seem to remember telling you both that I would have to expel you if you broke any more school rules," said Dumbledore.'),
('ymiebes5', 'Merlty', '0', 'aculrossjk', '2020-10-23', '2020-10-30', 'Completed', 50.76896476961948, 'Credit Card', '5', '"And you!" said Mrs. Weasley, but it was with a slightly softened expression that she started cutting Harry bread and buttering it for him.'),
('bpryddengy', 'Theressty', '0', 'aculrossjk', '2020-10-06', '2020-10-13', 'Completed', 112.15723176746229, 'Cash', '4', 'Harry thought hard, picturing the scene on the night of Halloween.'),
('ofilder6', 'Carinty', '0', 'aculrossjk', '2020-11-09', '2020-11-16', 'Accepted', 87.78602231207964, 'Cash', NULL, NULL),
('lgerckeau', 'Clementity', '0', 'aculrossjk', '2020-10-08', '2020-10-15', 'Completed', 46.8521244144682, 'Cash', '4', 'Percy swelled in a manner that reminded Harry forcefully of Mrs. Weasley.'),
('mpaddockiu', 'Darty', '0', 'aculrossjk', '2020-10-02', '2020-10-09', 'Completed', 71.95342438149203, 'Cash', '4', '" Dangerous ?" said Harry, laughing. "Come off it, how could it be dangerous?"'),
('sdermott2c', 'Amabety', '0', 'aculrossjk', '2020-10-23', '2020-10-30', 'Completed', 54.69828013216388, 'Cash', NULL, NULL),
('arolfea8', 'Herolty', '0', 'gpauly2w', '2020-10-09', '2020-10-16', 'Completed', 40, 'Cash', NULL, NULL),
('kshout8l', 'Nolty', '0', 'gpauly2w', '2020-10-03', '2020-10-10', 'Completed', 58.67783397321041, 'Cash', '5', 'been spying on the Slytherin team, had seen for themselves the speed of those new Nimbus Two Thousand and Ones. They reported that the Slytherin team was no more than seven greenish blurs, shooting through the air like missiles.'),
('keakly9d', 'Carinty', '0', 'gpauly2w', '2020-10-29', '2020-11-05', 'Completed', 91.39777917234721, 'Credit Card', '5', 'Not daring even to look at each other, Harry and Ron followed Snape up the steps into the vast, echoing entrance hall, which was lit with flaming torches. A delicious smell of food was wafting from the Great Hall, but Snape led them away from the warmth and light, down a narrow stone staircase that led into the dungeons.'),
('eganniclifftic', 'Catrinty', '0', 'gpauly2w', '2020-11-05', '2020-11-12', 'Accepted', 97.04797902224355, 'Cash', NULL, NULL),
('ajeffreysr1', 'Herolty', '0', 'gpauly2w', '2020-10-23', '2020-10-26', 'Completed', 59.88804918695565, 'Credit Card', NULL, NULL),
('droscamps36', 'Maudty', '0', 'gpauly2w', '2020-10-14', '2020-10-21', 'Completed', 72.90500232429241, 'Credit Card', '3', 'Harry had only just started his porridge when, sure enough, there was a rushing sound overhead and a hundred or so owls streamed in, circling the hall and'),
('eganniclifftic', 'Tadty', '0', 'gpauly2w', '2020-10-05', '2020-10-05', 'Completed', 66.92197231560077, 'Cash', NULL, NULL),
('mlauritsen84', 'Gabbity', '0', 'gpauly2w', '2020-10-29', '2020-11-05', 'Completed', 71.50112169868632, 'Credit Card', '3', 'No one, not even someone dreading taking Polyjuice Potion later, could fail to enjoy Christmas dinner at Hogwarts.'),
('jmcalarneyio', 'Jackity', '0', 'gpauly2w', '2020-11-01', '2020-11-08', 'Completed', 68.87610751079897, 'Cash', '5', '"Ron\" breathed Harry, creeping to the window and pushing it up so they could talk through the bars. "Ron, how did you - What the - ?"'),
('cranscombeil', 'Trity', '0', 'gpauly2w', '2020-11-17', '2020-11-24', 'Accepted', 40, 'Cash', NULL, NULL),
('vchisholmeir', 'Delcinty', '0', 'gpauly2w', '2020-10-15', '2020-10-22', 'Completed', 40, 'Credit Card', NULL, NULL),
('rwadmanba', 'Leonty', '0', 'gpauly2w', '2020-10-14', '2020-10-21', 'Completed', 68.38442509497008, 'Credit Card', '3', 'Arthur Weasley, Head of the Misuse of Muggle Artifacts Office, was today fined fifty Galleons for bewitching a Muggle car.'),
('eganniclifftic', 'Catrinty', '0', 'gpauly2w', '2020-10-12', '2020-10-19', 'Completed', 94.6329353663316, 'Credit Card', '5', 'Peeves was bobbing overhead, now grinning wickedly, surveying the scene; Peeves always loved chaos. As the teachers bent over Justin and Nearly Headless Nick, examining them, Peeves broke into song:'),
('ryakunin44', 'Blaity', '0', 'gpauly2w', '2020-10-06', '2020-10-13', 'Completed', 95.094119048454, 'Cash', '4', '"When I tell you to put them on, make sure your ears are completely covered," said Professor Sprout. "When it is safe to remove them, I will give you the thumbs- up. Right - earmuffs on."'),
('bcheston7e', 'Hality', '0', 'gpauly2w', '2020-11-06', '2020-11-10', 'Completed', 67.5776952440905, 'Cash', '4', 'Peeves stopped, halfway through a midair somersault. Upside down, he spotted Justin and Nearly Headless Nick. He flipped the right way up, filled his lungs and, before Harry could stop him, screamed, "ATTACK! ATTACK! ANOTHER ATTACK! NO MORTAL OR GHOST IS SAFE! RUN FOR YOUR LIVES! ATTAAAACK!"'),
('jobalnv', 'Hortoty', '0', 'oivanikhin2t', '2020-10-04', '2020-10-11', 'Completed', 76.69228808344837, 'Credit Card', '4', '"Calm yourself, Hagrid," said Dumbledore sharply. He looked at Lucius Malfoy.'),
('tgarrattley90', 'Gregorty', '0', 'oivanikhin2t', '2020-10-01', '2020-10-08', 'Completed', 113.06963932294296, 'Credit Card', '3', '"Stand back," said Lockhart, who was rolling up his jade-green sleeves.'),
('sjanosevicow', 'Tiffty', '0', 'oivanikhin2t', '2020-10-05', '2020-10-12', 'Completed', 97.81996354658776, 'Cash', NULL, NULL),
('rgorellipw', 'Torrancty', '0', 'oivanikhin2t', '2020-10-08', '2020-10-15', 'Completed', 42.332161028744686, 'Credit Card', NULL, NULL),
('lcrufts69', 'Dolpty', '0', 'oivanikhin2t', '2020-10-10', '2020-10-16', 'Completed', 93.61971673245353, 'Cash', NULL, NULL),
('ashattock51', 'Ardycty', '0', 'oivanikhin2t', '2020-10-06', '2020-10-13', 'Completed', 75.96489969241125, 'Credit Card', '3', 'the desks. After a hurried lunch, he went upstairs to meet Ron in the library, and saw Justin Finch- Fletchley, the Hufflepuff boy from Herbology, coming toward him. Harry had just opened his mouth to say hello when Justin caught sight of him, turned abruptly, and sped off in the opposite direction.'),
('cbarthelmesqh', 'Christity', '0', 'oivanikhin2t', '2020-10-19', '2020-10-23', 'Completed', 89.9180036140091, 'Credit Card', '3', 'Harry put on a burst of speed and zoomed toward the other end of the field. He could hear the Bludger whistling along behind him. What was going on? Bludgers never concentrated on one player like this; it was their job to try and unseat as many people as possible. ...'),
('fhursthouse93', 'Andrety', '0', 'oivanikhin2t', '2020-10-17', '2020-10-24', 'Completed', 99.65582937711848, 'Credit Card', '5', 'We would also ask you to remember that any magical activity that risks notice by members of the non-'),
('jbearnedb', 'Abbty', '0', 'oivanikhin2t', '2020-10-15', '2020-10-22', 'Completed', 79.29698678340057, 'Cash', '3', '"Remember," Harry said quietly as they walked cautiously forward, "any sign of movement, close your eyes right away. ..."'),
('ecarng', 'Westbrookty', '0', 'oivanikhin2t', '2020-11-12', '2020-11-19', 'Accepted', 43.11862898376472, 'Cash', NULL, NULL),
('cbonaviad5', 'Abbty', '0', 'oivanikhin2t', '2020-11-09', '2020-11-16', 'Accepted', 76.12079515173764, 'Credit Card', NULL, NULL),
('itabourinp0', 'Chiquitty', '0', 'oivanikhin2t', '2020-11-12', '2020-11-16', 'Accepted', 94.05521469491002, 'Credit Card', NULL, NULL),
('charpinis', 'Steffty', '0', 'oivanikhin2t', '2020-11-10', '2020-11-17', 'Accepted', 97.40375083223768, 'Cash', NULL, NULL),
('eattyin', 'Torrancty', '0', 'oivanikhin2t', '2020-11-09', '2020-11-15', 'Accepted', 66.84520278694617, 'Cash', NULL, NULL),
('sbolderodr', 'Jilleety', '0', 'oivanikhin2t', '2020-11-03', '2020-11-10', 'Completed', 69.67393813313245, 'Cash', '3', 'By next morning, however, the snow that had begun in the night had turned into a blizzard so thick that the last Herbology lesson of the term was canceled: Professor Sprout wanted to fit socks and scarves on the Mandrakes, a tricky operation she would entrust to no one else, now that it was so important for the Mandrakes to grow quickly and revive Mrs. Norris and Colin Creevey.'),
('dlinkleterdq', 'Carcty', '0', 'oivanikhin2t', '2020-11-20', '2020-11-27', 'Accepted', 61.61759417889232, 'Credit Card', NULL, NULL),
('kshout8l', 'Nolty', '0', 'oivanikhin2t', '2020-11-06', '2020-11-11', 'Completed', 75.00826220976433, 'Credit Card', '3', '"Only the Transfiguration teacher, Dumbledore, seemed to think Hagrid was innocent. He persuaded Dippet to keep Hagrid and train him as gamekeeper. Yes, I think Dumbledore might have guessed. ... Dumbledore never seemed to like me as much as the other teachers did. ..."'),
('arolfea8', 'Nety', '0', 'oivanikhin2t', '2020-11-16', '2020-11-22', 'Accepted', 57.31171915333658, 'Cash', NULL, NULL),
('fswannack6d', 'Basity', '0', 'oivanikhin2t', '2020-11-22', '2020-11-26', 'Accepted', 50.15816907399923, 'Cash', NULL, NULL),
('lfain7b', 'Dannty', '0', 'bblumgg', '2020-10-03', '2020-10-10', 'Completed', 56.82908061252602, 'Cash', '3', 'The bell rang. Ron and Hermione led the way to History of Magic, bickering.'),
('estratzq', 'Melisandty', '0', 'bblumgg', '2020-10-21', '2020-10-28', 'Completed', 84.4166786144312, 'Cash', NULL, NULL),
('escarrottgk', 'Ronnty', '0', 'bblumgg', '2020-10-17', '2020-10-24', 'Completed', 70.11253888417613, 'Credit Card', '5', '"Yer a mess!" said Hagrid gruffly, brushing soot off Harry so forcefully he nearly knocked him into a barrel of dragon dung outside an apothecary.'),
('vboatrightbo', 'Dahlity', '0', 'bblumgg', '2020-10-07', '2020-10-14', 'Completed', 79.9851043753272, 'Credit Card', '4', 'By next morning, however, the snow that had begun in the night had turned into a blizzard so thick that the last Herbology lesson of the term was canceled: Professor Sprout wanted to fit socks and scarves on the Mandrakes, a tricky operation she would entrust to no one else, now that it was so important for the Mandrakes to grow quickly and revive Mrs. Norris and Colin Creevey.'),
('akells73', 'Brynnty', '0', 'bblumgg', '2020-11-10', '2020-11-17', 'Accepted', 78.91851987215742, 'Credit Card', NULL, NULL),
('adallan74', 'Teresty', '0', 'bblumgg', '2020-10-10', '2020-10-17', 'Completed', 91.23901829652286, 'Credit Card', '5', 'The tunnel was so dark that they could only see a little distance ahead. Their shadows on the wet walls looked monstrous in the wandlight.'),
('jburstonml', 'Carissty', '0', 'bblumgg', '2020-10-24', '2020-10-31', 'Completed', 80.10589199525174, 'Cash', '4', 'Harry stood, irresolute, trying to catch the voice again, but people were now emerging from the Great'),
('wlargemc', 'Malissty', '0', 'bblumgg', '2020-10-09', '2020-10-16', 'Completed', 106.76690995337091, 'Credit Card', NULL, NULL),
('cvasilenko57', 'Dominicty', '0', 'bblumgg', '2020-10-14', '2020-10-21', 'Completed', 65.41274709637568, 'Cash', NULL, NULL),
('sjoberne4o', 'Mearty', '0', 'bblumgg', '2020-10-11', '2020-10-18', 'Completed', 74.00590143904374, 'Credit Card', '4', 'Harry had been held back in Potions, where Snape had made him stay behind to scrape tubeworms off'),
('cbasiliot', 'Korallty', '0', 'socloneyq6', '2020-11-01', '2020-11-03', 'Completed', 71.78142231370379, 'Credit Card', '4', '"Excellent, Dudley," said Uncle Vernon. Then he rounded on Harry. "And you?"'),
('jvescoviniev', 'Mauristy', '0', 'socloneyq6', '2020-10-31', '2020-11-04', 'Completed', 63.21673676302866, 'Credit Card', '3', 'And then, just as he had begun to worry about what would happen when he hit the ground, the pipe leveled out, and he shot out of the end with a wet thud, landing on the damp floor of a dark stone tunnel large enough to stand in. Lockhart was getting to his feet a little ways away, covered in slime and white as a ghost. Harry stood aside as Ron came whizzing out of the pipe, too.'),
('dfernandezar', 'Tucty', '0', 'socloneyq6', '2020-10-09', '2020-10-15', 'Completed', 98.4869307103557, 'Credit Card', '5', '"Melted," said Madam Pomfrey wonderingly. "All melted ..."'),
('othingir', 'Ciety', '0', 'socloneyq6', '2020-11-06', '2020-11-07', 'Completed', 66.32467747615839, 'Cash', '3', 'Harry had only just started his porridge when, sure enough, there was a rushing sound overhead and a hundred or so owls streamed in, circling the hall and'),
('lgerckeau', 'Clementity', '0', 'socloneyq6', '2020-10-19', '2020-10-19', 'Completed', 48.261998743150635, 'Credit Card', NULL, NULL),
('jsmealki', 'Rhianoty', '0', 'socloneyq6', '2020-11-07', '2020-11-09', 'Completed', 63.02772587069272, 'Credit Card', '5', 'Harry looked at his watch. Five of their precious sixty minutes had already passed.'),
('gbougheyas', 'Barthety', '0', 'socloneyq6', '2020-10-19', '2020-10-20', 'Completed', 61.387019455494354, 'Cash', '4', 'Relief - warm, sweeping, glorious relief - swept over Harry.'),
('aauldb0', 'Godivty', '0', 'socloneyq6', '2020-10-02', '2020-10-09', 'Completed', 72.165854013176, 'Credit Card', NULL, NULL),
('lmackernessm9', 'Robinety', '0', 'socloneyq6', '2020-10-21', '2020-10-28', 'Completed', 60.13273900115901, 'Cash', '5', '"Exactly," said Uncle Vernon nastily. "I will lead them into the lounge, introduce you, Petunia, and pour them drinks. At eight-fifteen - "'),
('jburstonml', 'Dwaynty', '0', 'socloneyq6', '2020-10-04', '2020-10-11', 'Completed', 63.08177541835913, 'Cash', '5', 'Harry gave a start. He had completely forgotten about Lockhart. He turned and saw that Lockhart was standing in a corner of the room, still wearing his vague smile. When Dumbledore addressed him, Lockhart looked over his shoulder to see who he was talking to.'),
('rboykett9n', 'Khality', '0', 'socloneyq6', '2020-11-14', '2020-11-15', 'Accepted', 59.4425046741428, 'Cash', NULL, NULL),
('kifec', 'Cathyleety', '0', 'socloneyq6', '2020-10-21', '2020-10-28', 'Completed', 97.84881371965744, 'Credit Card', '3', 'The teams walked onto the field to tumultuous applause. Oliver Wood took off for a warm-up flight around the goal posts; Madam Hooch released the balls. The Hufflepuffs, who played in canary yellow, were standing in a huddle, having a last-minute discussion of tactics.'),
('dsauniernm', 'Ginnifety', '0', 'socloneyq6', '2020-10-24', '2020-10-31', 'Completed', 54.616877480853816, 'Credit Card', '3', 'grabbed a copy of The Standard Book of Spells, Grade 2 and sneaked up the line to where the rest of the Weasleys were standing with Mr. and Mrs. Granger.'),
('bcolgana2', 'Gilliaty', '0', 'socloneyq6', '2020-10-17', '2020-10-24', 'Completed', 70.9252556992813, 'Credit Card', '3', '"And so you met Tom Riddle," said Dumbledore thoughtfully. "I imagine he was most interested in you. ..."'),
('ysolleyl', 'Shamuty', '0', 'socloneyq6', '2020-10-26', '2020-11-02', 'Completed', 83.74317014737515, 'Credit Card', '4', 'It had absolutely no effect; one of the pixies seized his wand and threw it out of the window, too. Lockhart gulped and dived under his own desk, narrowly avoiding being squashed by Neville, who fell a second later as the chandelier gave way.'),
('jbelcham80', 'Helyty', '0', 'socloneyq6', '2020-11-07', '2020-11-07', 'Completed', 79.40499185497303, 'Cash', '5', 'Angelina, Alicia, and Katie had come over, too. There were no girls on the Slytherin team, who stood shoulder to shoulder, facing the Gryffindors, leering to a man.'),
('vlindelofq8', 'Betty', '0', 'socloneyq6', '2020-10-16', '2020-10-23', 'Completed', 54.98961613588639, 'Credit Card', '5', 'Wood shot toward the ground, landing rather harder than he meant to in his anger, staggering slightly as he dismounted. Harry, Fred, and George followed.'),
('tcounihane1', 'Willettty', '0', 'socloneyq6', '2020-10-02', '2020-10-09', 'Completed', 72.1587514608274, 'Cash', '3', 'He wrenched open the door and as the elf came hurrying up to him, he kicked him right through it. They could hear Dobby squealing with pain all the way along the corridor. Harry stood for a moment, thinking hard. Then it came to him -'),
('plamburnef5', 'Kennitty', '0', 'socloneyq6', '2020-10-26', '2020-11-02', 'Completed', 97.25546947436163, 'Credit Card', '3', '"I have good news," she said, and the Great Hall, instead of falling silent, erupted.'),
('kliggensh4', 'Douglaty', '0', 'socloneyq6', '2020-11-24', '2020-11-27', 'Accepted', 75.33235854100589, 'Credit Card', NULL, NULL),
('eburgot5e', 'Reillty', '0', 'socloneyq6', '2020-11-30', '2020-12-01', 'Accepted', 51.241098966611474, 'Cash', NULL, NULL),
('rknowlman62', 'Augustty', '0', 'socloneyq6', '2020-11-23', '2020-11-26', 'Accepted', 69.55473542769121, 'Credit Card', NULL, NULL),
('kcornfootgv', 'Renadty', '0', 'socloneyq6', '2020-11-23', '2020-11-30', 'Accepted', 45.149890150790874, 'Credit Card', NULL, NULL),
('thagergham9u', 'Cecillty', '0', 'socloneyq6', '2020-11-24', '2020-11-27', 'Accepted', 97.41571370949904, 'Credit Card', NULL, NULL),
('ncasarinios', 'Aloity', '0', 'socloneyq6', '2020-11-25', '2020-11-29', 'Accepted', 76.22702438857272, 'Cash', NULL, NULL),
('eburgot5e', 'Reillty', '0', 'socloneyq6', '2020-11-22', '2020-11-22', 'Accepted', 111.1068722379883, 'Credit Card', NULL, NULL),
('rortellsjo', 'Basiliuty', '0', 'socloneyq6', '2020-12-01', '2020-12-01', 'Accepted', 89.23114411417836, 'Credit Card', NULL, NULL),
('mcharitybf', 'Audrty', '0', 'cbraybrookes3i', '2020-10-04', '2020-10-11', 'Completed', 79.57814171135692, 'Credit Card', '3', '"I wanted to tell him what really happened with that snake at the Dueling Club," said Harry.'),
('rdoblemx', 'Westbrookty', '0', 'cbraybrookes3i', '2020-10-27', '2020-11-03', 'Completed', 65.50138644129359, 'Credit Card', '5', 'He took a pinch of glittering powder out of the flowerpot, stepped up to the fire, and threw the powder into the flames.'),
('kgoodge6b', 'Carcty', '0', 'cbraybrookes3i', '2020-10-22', '2020-10-24', 'Completed', 50.49895409712889, 'Cash', '3', 'Spiders. Not tiny spiders like those surging over the leaves below. Spiders the size of carthorses, eight- eyed, eight-legged, black, hairy, gigantic. The massive specimen that was carrying Harry made its way down the steep slope toward a misty, domed web in the very center of the hollow, while its fellows closed in all around it, clicking their pincers excitedly at the sight of its load.'),
('rmaddamsa5', 'Dominicty', '0', 'cbraybrookes3i', '2020-10-15', '2020-10-22', 'Completed', 47.497047607306826, 'Cash', '5', '"I wish people would stop talking behind my back!" said Myrtle, in a voice choked with tears. "I do have feelings, you know, even if I am dead - "'),
('pmouncheraj', 'Tiffty', '0', 'cbraybrookes3i', '2020-10-21', '2020-10-28', 'Completed', 74.56772037342803, 'Cash', '3', '"The question is not who," said Dumbledore, his eyes on Colin. "The question is, how. ..."'),
('hhousemanl8', 'Nevity', '0', 'cbraybrookes3i', '2020-10-30', '2020-11-06', 'Completed', 51.16217978720631, 'Cash', '5', 'down her usual toilet. It was dark in the bathroom because the candles had been extinguished in the great rush of water that had left both walls and floor soaking wet.'),
('rboykett9n', 'Khality', '0', 'cbraybrookes3i', '2020-10-14', '2020-10-21', 'Completed', 92.03331604269518, 'Credit Card', NULL, NULL),
('upignyj5', 'Fannty', '0', 'cbraybrookes3i', '2020-10-22', '2020-10-29', 'Completed', 123.00157067596203, 'Credit Card', '4', 'Lucius Malfoy stood there, fury in his face. And cowering behind his legs, heavily wrapped in bandages, was Dobby.'),
('geverallht', 'Annelisty', '0', 'cbraybrookes3i', '2020-10-11', '2020-10-18', 'Completed', 50.81569077744234, 'Credit Card', '3', '"Lost control of the trolley," Harry gasped, clutching his ribs as he got up. Ron ran to pick up Hedwig, who was causing such a scene that there was a lot of muttering about cruelty to animals from the surrounding crowd.'),
('aclampett7w', 'Chancety', '0', 'cbraybrookes3i', '2020-11-03', '2020-11-10', 'Completed', 49.56799435161632, 'Credit Card', NULL, NULL),
('lkiraoy', 'Wendty', '0', 'cbraybrookes3i', '2020-10-28', '2020-11-04', 'Completed', 40, 'Credit Card', '4', 'Her words were cut short, however, as the portrait of the fat lady swung open and there was a sudden storm of clapping. It looked as though the whole of Gryffindor House was still awake, packed into the circular common room, standing on the lopsided tables and squashy armchairs, waiting for them to arrive. Arms reached through the portrait hole to pull Harry and Ron inside, leaving Hermione to scramble in after them.'),
('ymiebes5', 'Carlyty', '0', 'cbraybrookes3i', '2020-10-27', '2020-11-02', 'Completed', 99.22217879477483, 'Cash', NULL, NULL),
('cranscombeil', 'Trity', '0', 'cbraybrookes3i', '2020-10-08', '2020-10-09', 'Completed', 63.74541434194704, 'Cash', '5', 'Harry looked around the office. No Fawkes the phoenix - no whirring silver contraptions. This was'),
('dconverym8', 'Kerrty', '0', 'cbraybrookes3i', '2020-10-03', '2020-10-10', 'Completed', 81.71922235733214, 'Credit Card', '5', 'As the castle loomed nearer Harry twitched the cloak to make sure their feet were hidden, then pushed the creaking front doors ajar. They walked carefully back across the entrance hall and up the marble staircase, holding their breath as they passed corridors where watchful sentries were walking. At last they reached the safety of the Gryffindor common room, where the fire had burned itself into glowing ash. They took off the cloak and climbed the winding stair to their dormitory.'),
('ecuminegh', 'Suzettty', '0', 'cbraybrookes3i', '2020-10-18', '2020-10-25', 'Completed', 59.06863092956819, 'Cash', '4', 'Harry heard Ron gasp and looked up again. He had made up his mind what he was going to do.'),
('vcouthardeq', 'Salomty', '0', 'cbraybrookes3i', '2020-10-05', '2020-10-12', 'Completed', 108.36770116682469, 'Credit Card', '5', '"First of all, Harry, I want to thank you," said Dumbledore, eyes twinkling again. "You must have shown me real loyalty down in the Chamber. Nothing but that could have called Fawkes to you."'),
('agitthouse7j', 'Livty', '0', 'cbraybrookes3i', '2020-10-02', '2020-10-09', 'Completed', 56.58401058336361, 'Cash', '3', 'He stroked the phoenix, which had fluttered down onto his knee. Harry grinned awkwardly as Dumbledore watched him.'),
('lhillyattiw', 'Yolanthty', '0', 'cbraybrookes3i', '2020-11-29', '2020-12-01', 'Accepted', 73.22976750979294, 'Cash', NULL, NULL),
('pkettley9n', 'Tucty', '0', 'rbarbeymj', '2020-11-21', '2020-11-28', 'Accepted', 121.51053116583529, 'Credit Card', NULL, NULL),
('jbearnedb', 'Abbty', '0', 'rbarbeymj', '2020-10-26', '2020-11-02', 'Completed', 40, 'Cash', '4', 'Ernie bit his white lips and then, taking a deep breath, said, "We were all there. We saw what happened."'),
('vbettenaygp', 'Roty', '0', 'rbarbeymj', '2020-10-19', '2020-10-26', 'Completed', 83.73649558653968, 'Credit Card', '4', '"Meet you back here," Ron said to Hermione as the Weasleys and Harry were led off to their underground vaults by another Gringotts goblin.'),
('lcrufts69', 'Dolpty', '0', 'rbarbeymj', '2020-11-01', '2020-11-08', 'Completed', 57.63815226072889, 'Cash', '4', 'It felt to Harry that they were there for at least an hour. All he could see was the figure of Riddle at the door, staring through the crack, waiting like a statue. And just when Harry had stopped feeling expectant and tense and started wishing he could return to the present, he heard something move beyond the door.'),
('oivanikhin2t', 'Jeddty', '0', 'rbarbeymj', '2020-11-17', '2020-11-24', 'Accepted', 61.671235882964105, 'Credit Card', NULL, NULL),
('gelphinstoneci', 'Earvity', '0', 'rbarbeymj', '2020-10-21', '2020-10-28', 'Completed', 42.11541513625267, 'Cash', NULL, NULL),
('lkiraoy', 'Artematy', '0', 'rbarbeymj', '2020-10-17', '2020-10-24', 'Completed', 58.66875218043941, 'Cash', '3', 'Percy but caught himself just in time. He and Ron hurried after Malfoy, who said as they turned into the next passage, "That Peter Weasley - "'),
('rcollingwoodc4', 'Vickty', '0', 'rbarbeymj', '2020-11-01', '2020-11-08', 'Completed', 86.89924593305557, 'Credit Card', '3', '"It was Hagrid, Ron. Hagrid opened the Chamber of Secrets fifty years ago."'),
('wfarrejx', 'Allyty', '0', 'rbarbeymj', '2020-10-01', '2020-10-08', 'Completed', 71.26920497353565, 'Credit Card', '5', 'The Weasleys roared with laughter and Harry settled back in his seat, grinning from ear to ear.'),
('kshout8l', 'Nolty', '0', 'rbarbeymj', '2020-10-20', '2020-10-27', 'Completed', 75.77606242974159, 'Cash', '4', 'They had barely set foot in the cool entrance hall when a voice rang out, "There you are, Potter - Weasley." Professor McGonagall was walking toward them, looking stern. "You will both do your detentions this evening."'),
('rklesl1x', 'Annelisty', '0', 'rbarbeymj', '2020-10-28', '2020-10-30', 'Completed', 88.95724935812547, 'Cash', '4', 'Angelina, Alicia, and Katie had come over, too. There were no girls on the Slytherin team, who stood shoulder to shoulder, facing the Gryffindors, leering to a man.'),
('mcharitybf', 'Audrty', '0', 'rbarbeymj', '2020-10-26', '2020-11-02', 'Completed', 83.43872912907207, 'Credit Card', '4', 'A patch of scarlet swam past, and Harry heard a soft clatter of claws beside him.'),
('ddenisyukw', 'Jolity', '0', 'rbarbeymj', '2020-11-18', '2020-11-25', 'Accepted', 75.15585106475463, 'Credit Card', NULL, NULL),
('cbonaviad5', 'Abbty', '0', 'rbarbeymj', '2020-10-13', '2020-10-20', 'Completed', 113.59862878808784, 'Cash', NULL, NULL),
('wroparsdp', 'Tomty', '0', 'vvreiberg9f', '2020-10-09', '2020-10-16', 'Rejected', 86.69346695445245, 'Credit Card', NULL, NULL),
('ncasarinios', 'Anatolty', '0', 'vvreiberg9f', '2020-10-10', '2020-10-15', 'Rejected', 96.57897086134929, 'Cash', NULL, NULL),
('gzoanetti2s', 'Aurlity', '0', 'vvreiberg9f', '2020-10-14', '2020-10-15', 'Rejected', 80.47100514814196, 'Cash', NULL, NULL),
('fgamlin6a', 'Dominicty', '0', 'vvreiberg9f', '2020-10-14', '2020-10-17', 'Rejected', 40, 'Credit Card', NULL, NULL),
('ilindelof3r', 'Ronnty', '0', 'vvreiberg9f', '2020-10-07', '2020-10-14', 'Rejected', 58.969350767676055, 'Credit Card', NULL, NULL),
('mackeroydnm', 'Darty', '0', 'vvreiberg9f', '2020-11-03', '2020-11-07', 'Rejected', 88.56464928732987, 'Credit Card', NULL, NULL),
('dsauniernm', 'Ginnifety', '0', 'vvreiberg9f', '2020-11-03', '2020-11-04', 'Rejected', 71.89211523717476, 'Credit Card', NULL, NULL),
('scringlefv', 'Trity', '0', 'vvreiberg9f', '2020-11-03', '2020-11-08', 'Rejected', 72.182406382415, 'Credit Card', NULL, NULL),
('njacopp', 'Randaty', '0', 'vvreiberg9f', '2020-11-03', '2020-11-06', 'Rejected', 113.2949232416176, 'Cash', NULL, NULL),
('ffuke9y', 'Mety', '0', 'vvreiberg9f', '2020-11-03', '2020-11-09', 'Rejected', 126.04754433542821, 'Cash', NULL, NULL),
('bratledgeks', 'Augustty', '0', 'vvreiberg9f', '2020-11-04', '2020-11-08', 'Rejected', 49.44846752635719, 'Credit Card', NULL, NULL),
('ilindelof3r', 'Ronnty', '0', 'vvreiberg9f', '2020-11-17', '2020-11-24', 'Rejected', 40, 'Credit Card', NULL, NULL),
('galexanderssond2', 'Geoffrty', '0', 'vvreiberg9f', '2020-11-24', '2020-11-30', 'Rejected', 79.77674225299221, 'Cash', NULL, NULL),
('fparsonaged6', 'Saraanty', '0', 'vvreiberg9f', '2020-11-24', '2020-11-30', 'Rejected', 87.78815225660307, 'Credit Card', NULL, NULL),
('ilindelof3r', 'Ronnty', '0', 'vvreiberg9f', '2020-11-27', '2020-11-28', 'Rejected', 72.91798412373113, 'Cash', NULL, NULL),
('vzannotellik1', 'Tommty', '0', 'vvreiberg9f', '2020-11-20', '2020-11-27', 'Rejected', 50.940812103130796, 'Cash', NULL, NULL),
('plamburnef5', 'Kennitty', '0', 'vvreiberg9f', '2020-11-26', '2020-11-27', 'Rejected', 78.99124445093454, 'Credit Card', NULL, NULL),
('fgamlin6a', 'Dominicty', '0', 'vvreiberg9f', '2020-11-23', '2020-11-24', 'Rejected', 40, 'Cash', NULL, NULL),
('sfidgeha', 'Merralety', '0', 'vvreiberg9f', '2020-11-22', '2020-11-26', 'Rejected', 72.09925025956251, 'Cash', NULL, NULL),
('fgamlin6a', 'Dominicty', '0', 'vvreiberg9f', '2020-11-19', '2020-11-26', 'Rejected', 40, 'Credit Card', NULL, NULL),
('aauldb0', 'Sharlty', '0', 'vvreiberg9f', '2020-11-21', '2020-11-28', 'Rejected', 61.10075237951118, 'Credit Card', NULL, NULL),
('shutchenceqt', 'Ignaciuty', '0', 'vvreiberg9f', '2020-11-19', '2020-11-23', 'Rejected', 73.08287138205517, 'Credit Card', NULL, NULL),
('achesswas1', 'Carty', '0', 'vvreiberg9f', '2020-11-26', '2020-11-29', 'Rejected', 59.227979204352195, 'Credit Card', NULL, NULL),
('akolodziejskii', 'Shamuty', '0', 'vvreiberg9f', '2020-11-17', '2020-11-24', 'Rejected', 52.49729766914049, 'Credit Card', NULL, NULL),
('ysolleyl', 'Shamuty', '0', 'twheway98', '2020-10-20', '2020-10-27', 'Rejected', 95.24896555599439, 'Cash', NULL, NULL),
('bphilcottig', 'Robinety', '0', 'dsingyardjz', '2020-10-15', '2020-10-22', 'Rejected', 62.740195397412606, 'Credit Card', NULL, NULL),
('dchaddockb1', 'Gregorty', '0', 'dsingyardjz', '2020-10-20', '2020-10-27', 'Rejected', 78.7183014523325, 'Cash', NULL, NULL),
('ofilder6', 'Carinty', '0', 'dsingyardjz', '2020-10-14', '2020-10-21', 'Rejected', 71.92600488723447, 'Cash', NULL, NULL),
('ffuke9y', 'Jolity', '0', 'dsingyardjz', '2020-10-16', '2020-10-20', 'Rejected', 107.93947178972277, 'Cash', NULL, NULL),
('kpavlatapn', 'Abbty', '0', 'dsingyardjz', '2020-10-21', '2020-10-28', 'Rejected', 101.6455348928954, 'Cash', NULL, NULL),
('sketchdz', 'Pembrokty', '0', 'dsingyardjz', '2020-11-17', '2020-11-24', 'Rejected', 85.70315691403351, 'Cash', NULL, NULL),
('cgiggsbx', 'Isaiaty', '0', 'dsingyardjz', '2020-11-15', '2020-11-20', 'Rejected', 43.28890612688683, 'Credit Card', NULL, NULL),
('csimchenko94', 'Tadty', '0', 'ajeffes3f', '2020-10-08', '2020-10-15', 'Rejected', 73.22441947336459, 'Cash', NULL, NULL),
('achesswas1', 'Lolty', '0', 'ajeffes3f', '2020-10-12', '2020-10-19', 'Rejected', 40, 'Cash', NULL, NULL),
('ntackesmz', 'Catty', '0', 'ajeffes3f', '2020-10-23', '2020-10-30', 'Rejected', 70.11005584117264, 'Cash', NULL, NULL),
('eburgot5e', 'Harmaty', '0', 'aculrossjk', '2020-10-07', '2020-10-14', 'Rejected', 109.42755274153409, 'Cash', NULL, NULL),
('tbramepe', 'Thority', '0', 'aculrossjk', '2020-10-03', '2020-10-10', 'Rejected', 48.57047315507937, 'Credit Card', NULL, NULL),
('rshakesbye30', 'Marity', '0', 'aculrossjk', '2020-10-04', '2020-10-11', 'Rejected', 109.9065389469084, 'Credit Card', NULL, NULL),
('mcurror8e', 'Tomkity', '0', 'aculrossjk', '2020-10-09', '2020-10-16', 'Rejected', 105.36785709959966, 'Credit Card', NULL, NULL),
('lbracknell56', 'Claudinty', '0', 'gpauly2w', '2020-10-27', '2020-11-03', 'Rejected', 42.16234016242835, 'Credit Card', NULL, NULL),
('vbarrowclough6l', 'Malissty', '0', 'gpauly2w', '2020-10-10', '2020-10-17', 'Rejected', 79.41997249846537, 'Credit Card', NULL, NULL),
('fhursthouse93', 'Andrety', '0', 'oivanikhin2t', '2020-10-08', '2020-10-15', 'Rejected', 44.56353060969039, 'Credit Card', NULL, NULL),
('lkeson77', 'Steffty', '0', 'oivanikhin2t', '2020-10-08', '2020-10-15', 'Rejected', 40, 'Cash', NULL, NULL),
('cbonaviad5', 'Abbty', '0', 'oivanikhin2t', '2020-10-04', '2020-10-11', 'Rejected', 77.55129384454426, 'Cash', NULL, NULL),
('cbarthelmesqh', 'Luisty', '0', 'oivanikhin2t', '2020-10-01', '2020-10-08', 'Rejected', 74.777293158656, 'Cash', NULL, NULL),
('akerley74', 'Willettty', '0', 'oivanikhin2t', '2020-10-07', '2020-10-14', 'Rejected', 68.71801006496467, 'Credit Card', NULL, NULL),
('dlandmanmv', 'Ciety', '0', 'oivanikhin2t', '2020-10-04', '2020-10-11', 'Rejected', 80.35207560744817, 'Credit Card', NULL, NULL),
('csimonelbk', 'Reillty', '0', 'oivanikhin2t', '2020-11-12', '2020-11-19', 'Rejected', 68.60687581049213, 'Credit Card', NULL, NULL),
('jbearnedb', 'Abbty', '0', 'oivanikhin2t', '2020-11-10', '2020-11-17', 'Rejected', 77.46792375097675, 'Credit Card', NULL, NULL),
('itabourinp0', 'Chiquitty', '0', 'oivanikhin2t', '2020-11-10', '2020-11-14', 'Rejected', 88.31101076280265, 'Credit Card', NULL, NULL),
('lfabri4t', 'Issiaty', '0', 'oivanikhin2t', '2020-11-05', '2020-11-12', 'Rejected', 82.50317528170773, 'Cash', NULL, NULL),
('keakly9d', 'Carinty', '0', 'oivanikhin2t', '2020-11-12', '2020-11-19', 'Rejected', 40, 'Credit Card', NULL, NULL),
('lfain7b', 'Ignaciuty', '0', 'oivanikhin2t', '2020-11-11', '2020-11-18', 'Rejected', 43.66218698199464, 'Credit Card', NULL, NULL),
('lkeson77', 'Steffty', '0', 'oivanikhin2t', '2020-11-03', '2020-11-10', 'Rejected', 54.44055468280329, 'Credit Card', NULL, NULL),
('mgarnamk4', 'Emmyty', '0', 'oivanikhin2t', '2020-11-06', '2020-11-10', 'Rejected', 90.10280171390974, 'Credit Card', NULL, NULL),
('sgeorgiuscz', 'Betty', '0', 'oivanikhin2t', '2020-11-08', '2020-11-15', 'Rejected', 76.81497751144329, 'Cash', NULL, NULL),
('mosgarbygy', 'Monroty', '0', 'oivanikhin2t', '2020-11-10', '2020-11-17', 'Rejected', 72.4877704357026, 'Cash', NULL, NULL),
('gaffusohm', 'Bettinty', '0', 'socloneyq6', '2020-11-26', '2020-11-29', 'Rejected', 83.14307210805556, 'Cash', NULL, NULL),
('mlauritsen84', 'Marity', '0', 'socloneyq6', '2020-11-22', '2020-11-28', 'Rejected', 76.70210102164492, 'Cash', NULL, NULL),
('rtottman9j', 'Raynarty', '0', 'socloneyq6', '2020-11-23', '2020-11-28', 'Rejected', 75.829772540792, 'Cash', NULL, NULL),
('jgothliff12', 'Levty', '0', 'socloneyq6', '2020-11-24', '2020-11-29', 'Rejected', 77.11261109822944, 'Cash', NULL, NULL),
('ldoneldk2', 'Carissty', '0', 'socloneyq6', '2020-11-26', '2020-11-29', 'Rejected', 79.36598343454934, 'Cash', NULL, NULL),
('tcounihane1', 'Khality', '0', 'cbraybrookes3i', '2020-10-17', '2020-10-24', 'Rejected', 86.73493243434183, 'Cash', NULL, NULL),
('aomullaneyc9', 'Issiaty', '0', 'cbraybrookes3i', '2020-10-25', '2020-11-01', 'Rejected', 48.20920280230927, 'Credit Card', NULL, NULL),
('bcheston7e', 'Hality', '0', 'rbarbeymj', '2020-10-30', '2020-11-06', 'Rejected', 59.965293883846, 'Cash', NULL, NULL),
('sbolderodr', 'Jilleety', '0', 'rbarbeymj', '2020-11-09', '2020-11-16', 'Rejected', 101.94790591225882, 'Cash', NULL, NULL),
('vzannotellik1', 'Tommty', '0', 'acrombkx', '2020-10-15', '2020-10-16', 'Rejected', 40, 'Cash', NULL, NULL),
('aauldb0', 'Sharlty', '0', 'estreadergl', '2020-11-17', '2020-11-17', 'Rejected', 40, 'Cash', NULL, NULL),
('gelphinstoneci', 'Carcty', '0', 'pmuldoon8w', '2020-10-12', '2020-10-12', 'Rejected', 71.25794402084665, 'Cash', NULL, NULL),
('dsauniernm', 'Ginnifety', '0', 'mhowelli5', '2020-11-03', '2020-11-03', 'Rejected', 53.169410677080286, 'Cash', NULL, NULL),
('jvescoviniev', 'Mauristy', '0', 'feliah5', '2020-10-29', '2020-11-02', 'Rejected', 60.11449113877204, 'Credit Card', NULL, NULL);
INSERT INTO Chat (po_userid, pet_name, dead, ct_userid, start_date, end_date, time, sender, text) VALUES
('qsandyfirthih', 'Katty', '0', 'rbugdell89', '2020-11-13', '2020-11-13', '2020-11-07 13:47:19', 1, '"I wish there was something I could do for you about the Headless Hunt," Harry said.'),
('ashattock51', 'Odelty', '0', 'rbugdell89', '2020-11-13', '2020-11-13', '2020-11-09 05:11:42', 1, 'Dudley, who was so large his bottom drooped over either side of the kitchen chair, grinned and turned to Harry.'),
('gmitkcov6j', 'Ernestty', '0', 'rbugdell89', '2020-11-17', '2020-11-17', '2020-11-07 00:56:18', 1, '"Close one, Harry!" said George, streaking past him with his club in his hand, ready to knock the Bludger back toward a Slytherin. Harry saw George give the Bludger a powerful whack in the direction of Adrian Pucey, but the Bludger changed direction in midair and shot straight for Harry again.'),
('szapatero7x', 'Taryty', '0', 'deverton82', '2020-10-18', '2020-10-18', '2020-10-13 00:38:42', 2, 'At that moment there was a diversion in the form of a small, redheaded figure in a long nightdress, who appeared in the kitchen, gave a small squeal, and ran out again.'),
('szapatero7x', 'Taryty', '0', 'deverton82', '2020-10-18', '2020-10-18', '2020-10-14 02:58:20', 1, 'It was Professor McGonagall, and her mouth was the thinnest of thin lines.'),
('mlarchierfy', 'Jackity', '0', 'deverton82', '2020-10-24', '2020-10-26', '2020-10-22 17:14:55', 1, '"I want it understood, Cornelius, that Hagrid has my full confidence," said Dumbledore, frowning at Fudge.'),
('tbramepe', 'Taty', '0', 'deverton82', '2020-10-25', '2020-10-26', '2020-10-21 03:34:39', 2, 'The three of them stared into the cauldron. Close up, the potion looked like thick, dark mud, bubbling sluggishly.'),
('shutchenceqt', 'Heindricty', '0', 'deverton82', '2020-10-28', '2020-10-28', '2020-10-24 00:55:27', 1, '"Innocent until proven guilty, Severus," he said firmly.'),
('shutchenceqt', 'Heindricty', '0', 'deverton82', '2020-10-28', '2020-10-28', '2020-10-25 20:37:19', 1, 'ankles. He looked down and found himself gazing into a pair of lamp-like yellow eyes. It was Mrs. Norris, the skeletal gray cat who was used by the caretaker,'),
('omassenhoveqh', 'Saudrty', '0', 'deverton82', '2020-11-19', '2020-11-20', '2020-11-10 06:09:14', 1, '"Who is it?" said Madam Hooch, who had sunk, weak- kneed, into a chair. "Which student?"'),
('rshakesbye30', 'Anatolty', '0', 'deverton82', '2020-11-22', '2020-11-22', '2020-11-09 11:56:41', 1, 'Led by Fawkes, whose wide scarlet wings emitted a soft golden glow in the darkness, they walked all the way back to the mouth of the pipe. Gilderoy Lockhart was sitting there, humming placidly to himself.'),
('jpeetbu', 'Herolty', '0', 'deverton82', '2020-11-26', '2020-11-28', '2020-11-11 04:31:26', 2, 'Her words were cut short, however, as the portrait of the fat lady swung open and there was a sudden storm of clapping. It looked as though the whole of Gryffindor House was still awake, packed into the circular common room, standing on the lopsided tables and squashy armchairs, waiting for them to arrive. Arms reached through the portrait hole to pull Harry and Ron inside, leaving Hermione to scramble in after them.'),
('jpeetbu', 'Herolty', '0', 'deverton82', '2020-11-26', '2020-11-28', '2020-11-10 15:54:12', 1, 'His breathing slowing down again, Harry stuffed his wand back into his robes.'),
('ntackesmz', 'Catty', '0', 'acrombkx', '2020-10-13', '2020-10-13', '2020-10-09 13:14:39', 2, 'long has Dobby wanted to meet you, sir ... Such an honor it is. ..."'),
('sfidgeha', 'Merralety', '0', 'acrombkx', '2020-10-13', '2020-10-13', '2020-10-09 11:48:03', 1, 'Harry turned to the back cover of the book and saw the printed name of a variety store on Vauxhall Road, London.'),
('ilindelof3r', 'Ronnty', '0', 'acrombkx', '2020-10-24', '2020-10-25', '2020-10-19 18:28:05', 2, '"It could affect our whole future," she told Harry and Ron as they pored over lists of new subjects, marking them with checks.'),
('ilindelof3r', 'Ronnty', '0', 'acrombkx', '2020-10-31', '2020-10-31', '2020-10-27 00:22:04', 1, 'It looked like an ordinary sink. They examined every inch of it, inside and out, including the pipes below. And then Harry saw it: Scratched on the side of one of the copper taps was a tiny snake.'),
('fgamlin6a', 'Dominicty', '0', 'acrombkx', '2020-11-05', '2020-11-05', '2020-11-02 09:17:44', 1, '"Yer a mess!" said Hagrid gruffly, brushing soot off Harry so forcefully he nearly knocked him into a barrel of dragon dung outside an apothecary.'),
('fgamlin6a', 'Dominicty', '0', 'acrombkx', '2020-11-05', '2020-11-05', '2020-11-04 02:03:02', 2, '"It was Hagrid, Ron. Hagrid opened the Chamber of Secrets fifty years ago."'),
('eburgot5e', 'Harmaty', '0', 'acrombkx', '2020-11-17', '2020-11-17', '2020-11-11 08:28:10', 2, '"Do you think we should go and ask Hagrid about it all?"'),
('oantwismi', 'Gabbity', '0', 'acrombkx', '2020-11-22', '2020-11-22', '2020-11-10 00:18:11', 1, 'But Hermione had a steely glint in her eye not unlike the one Professor McGonagall sometimes had.'),
('akolodziejskii', 'Shamuty', '0', 'acrombkx', '2020-11-22', '2020-11-22', '2020-11-09 07:38:32', 1, '"Already here, Fudge," he said approvingly. "Good, good..."'),
('nessex9j', 'Chaty', '0', 'estreadergl', '2020-10-09', '2020-10-09', '2020-10-04 17:41:20', 1, '"Oh, shut up," said Harry. Ron snorted with laughter and the ground was sprayed with slugs.'),
('ilindelof3r', 'Ronnty', '0', 'estreadergl', '2020-10-09', '2020-10-09', '2020-10-07 10:46:51', 1, 'It was a page torn from a very old library book. Harry smoothed it out eagerly and Ron leaned close to read it, too.'),
('gdanielyoa', 'Theressty', '0', 'estreadergl', '2020-10-13', '2020-10-13', '2020-10-09 18:47:37', 2, 'Ron went as red as Ginny. He dropped his books into the cauldron, too, and started toward Malfoy, but Harry and Hermione grabbed the back of his jacket.'),
('crembrandtly', 'Veroniquty', '0', 'estreadergl', '2020-10-27', '2020-10-28', '2020-10-26 05:18:38', 1, '"- LETTER FROM DUMBLEDORE LAST NIGHT, I THOUGHT YOUR FATHER WOULD DIE OF SHAME,'),
('vbettenaygp', 'Christoffety', '0', 'estreadergl', '2020-11-02', '2020-11-03', '2020-10-31 09:28:19', 1, '"Guess who I saw in Borgin and Burkes?" Harry asked Ron and Hermione as they climbed the Gringotts steps. "Malfoy and his father."'),
('aauldb0', 'Sharlty', '0', 'estreadergl', '2020-11-02', '2020-11-02', '2020-10-29 06:05:00', 2, '"NO!" Harry heard Riddle screaming. "LEAVE THE BIRD! LEAVE THE BIRD! THE BOY IS BEHIND YOU! YOU CAN STILL SMELL HIM! KILL HIM!"'),
('oantwismi', 'Tamarrty', '0', 'estreadergl', '2020-11-14', '2020-11-14', '2020-11-10 22:06:38', 2, '"Better not let your mum hear you talking about my school," said Harry coolly.'),
('jsmealki', 'Rhianoty', '0', 'estreadergl', '2020-11-17', '2020-11-18', '2020-11-08 00:25:19', 2, '"Oooh," said Colin, fascinated and raising his camera. "Can you hold him still, Harry?"'),
('adallan74', 'Alforty', '0', 'estreadergl', '2020-11-30', '2020-11-30', '2020-11-09 14:48:20', 2, 'Ron looked wildly around. A dozen curious people were still watching them.'),
('othingir', 'Madlety', '0', 'scaplinnv', '2020-10-04', '2020-10-05', '2020-10-02 02:05:09', 1, '" Fascinating !" he would say as Harry talked him through using a telephone. "Ingenious, really, how many ways Muggles have found of getting along without magic."'),
('dchaddockb1', 'Dorrity', '0', 'scaplinnv', '2020-10-04', '2020-10-04', '2020-10-02 13:36:37', 1, 'The stranger had rumpled gray hair and an anxious expression, and was wearing a strange mixture of'),
('lgerckeau', 'Clementity', '0', 'scaplinnv', '2020-10-07', '2020-10-07', '2020-10-05 12:08:27', 1, 'There was a long silence. Then Dumbledore said, "Please explain why you did this."'),
('lgerckeau', 'Clementity', '0', 'scaplinnv', '2020-10-07', '2020-10-07', '2020-10-03 10:29:04', 1, 'Harry, Ron, and Hermione chose seats as far as possible from Percy in the common room that night. Ron was still in a very bad temper and kept blotting his Charms homework. When he reached absently for his wand to remove the smudges, it ignited the parchment. Fuming almost as much as his homework, Ron slammed The Standard Book of Page | 176 Harry Potter and the Chamber of Secrets - J.K. Rowling'),
('dlinkleterdq', 'Carcty', '1', 'scaplinnv', '2020-10-08', '2020-10-08', '2020-10-03 09:05:37', 2, 'He sat down in the only remaining chair but leapt up again almost immediately, pulling from underneath him a molting, gray feather duster - at least, that was what Harry thought it was, until he saw that it was breathing.'),
('rshakesbye30', 'Marity', '0', 'scaplinnv', '2020-10-14', '2020-10-14', '2020-10-12 17:31:51', 1, '"Dobby heard tell," he said hoarsely, "that Harry Potter met the Dark Lord for a second time, just weeks ago ... that Harry Potter escaped yet again."'),
('rdabrowskiov', 'Toty', '0', 'scaplinnv', '2020-10-13', '2020-10-14', '2020-10-11 21:27:13', 2, 'Filch grabbed a quill from a pot on his desk and began shuffling around looking for parchment.'),
('rdabrowskiov', 'Toty', '0', 'scaplinnv', '2020-10-13', '2020-10-14', '2020-10-09 08:57:47', 1, '"WATCH OUT FOR THAT TREE!" Harry bellowed, lunging for the steering wheel, but too late -'),
('jburstonml', 'Sharlty', '0', 'scaplinnv', '2020-11-04', '2020-11-04', '2020-11-02 02:57:30', 2, 'Dumbledore was giving Harry a searching look. His twinkling light-blue gaze made Harry feel as though he were being X-rayed.'),
('hdhooghe5k', 'Chickity', '0', 'scaplinnv', '2020-11-06', '2020-11-06', '2020-11-02 20:56:36', 2, '"Slytherin, according to the legend, sealed the Chamber of Secrets so that none would be able to open it until his own true heir arrived at the school. The heir alone would be able to unseal the Chamber of Secrets, unleash the horror within, and use it to purge the school of all who were unworthy to study magic."'),
('hdhooghe5k', 'Chickity', '0', 'scaplinnv', '2020-11-06', '2020-11-06', '2020-11-05 23:22:38', 1, 'Several people in green robes were walking onto the field, broomsticks in their hands.'),
('dsauniernm', 'Ginnifety', '0', 'scaplinnv', '2020-11-13', '2020-11-13', '2020-11-08 15:57:08', 1, 'Harry looked bemusedly at the photograph Colin was brandishing under his nose.'),
('rtottman9j', 'Giulity', '0', 'scaplinnv', '2020-11-11', '2020-11-13', '2020-11-09 15:43:56', 1, '"Precisely. Take another ten points," said Professor Sprout. "Now, the Mandrakes we have here are still very young."'),
('skelle4u', 'Fayty', '0', 'scaplinnv', '2020-11-14', '2020-11-15', '2020-11-10 04:07:32', 2, '- Harry looked straight into its face and saw that its eyes, both its great, bulbous yellow eyes, had been punctured by the phoenix; blood was streaming to the floor, and the snake was spitting in agony.'),
('gdanielyoa', 'Lority', '0', 'scaplinnv', '2020-11-15', '2020-11-15', '2020-11-07 13:29:20', 1, 'long has Dobby wanted to meet you, sir ... Such an honor it is. ..."'),
('ofilder6', 'Carinty', '0', 'scaplinnv', '2020-11-22', '2020-11-22', '2020-11-08 15:24:18', 1, '" Caught in the act!" Ernie yelled, his face stark white, pointing his finger dramatically at Harry.'),
('jvescoviniev', 'Mauristy', '0', 'pmuldoon8w', '2020-10-11', '2020-10-11', '2020-10-10 05:15:25', 2, '"The Slytherins always come up to breakfast from over there," said Ron, nodding at the entrance to the dungeons. The words had barely left his mouth when a girl with long, curly hair emerged from the entrance.'),
('bsprasen9r', 'Margarettty', '0', 'pmuldoon8w', '2020-10-11', '2020-10-11', '2020-10-09 00:31:35', 2, 'Feel out of step in the world of modern magic? Find yourself making excuses not to perform simple spells? Ever been taunted for your woeful wandwork?'),
('rtockeo', 'Kevoty', '0', 'pmuldoon8w', '2020-10-12', '2020-10-12', '2020-10-09 09:13:14', 1, 'the side mirror snap off as they squeezed past a large oak. After ten noisy, rocky minutes, the trees thinned, and Harry could again see patches of sky.'),
('gescreet51', 'Godivty', '0', 'pmuldoon8w', '2020-11-02', '2020-11-02', '2020-10-30 03:06:13', 2, 'Madam Pomfrey clapped a hand to her mouth. Professor McGonagall stared at Dumbledore.'),
('lmackernessm9', 'Margarettty', '0', 'pmuldoon8w', '2020-11-02', '2020-11-02', '2020-10-28 14:30:20', 2, '"I suggest, Headmaster, that Potter is not being entirely truthful," he said. "It might be a good idea if he were deprived of certain privileges until he is ready to tell us the whole story. I personally feel he should be taken off the Gryffindor Quidditch team until he is ready to be honest."'),
('rmaddamsa5', 'Belitty', '0', 'mhowelli5', '2020-10-03', '2020-10-04', '2020-10-01 02:16:05', 1, '"Remember," Harry said quietly as they walked cautiously forward, "any sign of movement, close your eyes right away. ..."'),
('fweaversi3', 'Luisty', '0', 'mhowelli5', '2020-10-12', '2020-10-14', '2020-10-11 17:11:53', 1, 'Before Fudge could answer, there was another loud rap on the door.'),
('hstoyle4a', 'Antonity', '0', 'mhowelli5', '2020-10-11', '2020-10-14', '2020-10-09 05:33:14', 2, 'The wizard folded up the letter with a sigh, stood up, walked past Harry without glancing at him, and went to draw the curtains at his window.'),
('mransburybw', 'Dety', '0', 'mhowelli5', '2020-10-24', '2020-10-27', '2020-10-20 23:23:52', 1, 'Lockhart ambled out. Ron cast a curious look back at Dumbledore and Harry as he closed the door.'),
('sjaouencq', 'Melisandty', '0', 'mhowelli5', '2020-10-30', '2020-10-31', '2020-10-27 12:18:24', 2, 'Harry blundered after Ron toward the light, stumbling and tripping, and a moment later they had emerged into a clearing.'),
('ybetteneylc', 'Fayty', '0', 'mhowelli5', '2020-11-03', '2020-11-03', '2020-10-30 09:36:24', 1, 'Ron put his foot on the accelerator and drove them upward again, but as he did so, the engine began to whine.'),
('omassenhoveqh', 'Brynnty', '0', 'mhowelli5', '2020-11-11', '2020-11-11', '2020-11-07 19:19:31', 2, 'Harry and Ron had tried to visit Hermione, but visitors were now barred from the hospital wing.'),
('thardan8i', 'Amabety', '0', 'mhowelli5', '2020-11-11', '2020-11-11', '2020-11-09 04:48:50', 2, 'Hagrid leapt to his feet, his shaggy black head grazing the ceiling.'),
('dsauniernm', 'Ginnifety', '0', 'mhowelli5', '2020-11-12', '2020-11-12', '2020-11-08 08:01:49', 1, 'We have received intelligence that a Hover Charm was used at your place of residence this evening at twelve minutes past nine.'),
('cmaxwailegu', 'Laurty', '0', 'mhowelli5', '2020-11-12', '2020-11-12', '2020-11-08 23:27:53', 1, 'He scrawled an enormous loopy signature on the note and handed it back to Hermione.'),
('sdwelleyjt', 'Micaty', '0', 'mhowelli5', '2020-11-15', '2020-11-15', '2020-11-08 20:25:49', 1, 'opened her heart and spilled all her secrets to an invisible stranger."'),
('mdarbishiremk', 'Genvievty', '0', 'mhowelli5', '2020-11-18', '2020-11-18', '2020-11-09 21:17:50', 2, 'Harry and Hermione looked around: Sprinting up the crowded street were Ron, Fred, George, Percy, and Mr. Weasley.'),
('cdivea0', 'Tiffty', '0', 'mhowelli5', '2020-11-18', '2020-11-18', '2020-11-10 05:50:18', 1, 'Mr. Borgin fixed a pair of pince-nez to his nose and looked down the list.'),
('gdavid8', 'Annelisty', '0', 'mhowelli5', '2020-11-25', '2020-11-25', '2020-11-09 10:41:53', 2, 'As he stood there, panicking, a door right next to him opened with a bang. Peeves the Poltergeist came shooting out.'),
('bbotlerg2', 'Angety', '0', 'hreysoneg', '2020-10-02', '2020-10-03', '2020-09-27 23:40:26', 1, '"That will do, Macmillan!" said Professor McGonagall sharply.'),
('nproswelloe', 'Dominicty', '0', 'hreysoneg', '2020-10-12', '2020-10-13', '2020-10-07 19:36:06', 2, '"I said I would buy you a racing broom," said his father, drumming his fingers on the counter.'),
('ebrailey61', 'Melisandty', '0', 'hreysoneg', '2020-10-18', '2020-10-18', '2020-10-15 04:31:25', 2, '"Oh," said Harry, not sure whether he should look sorry or happy about this. "Right."'),
('wdartnellek', 'Annelisty', '0', 'hreysoneg', '2020-10-19', '2020-10-19', '2020-10-18 08:11:42', 2, 'Ginny jumped up as though her chair had just been electrified, gave Percy a fleeting, frightened look, and'),
('escarrottgk', 'Theodority', '0', 'hreysoneg', '2020-10-25', '2020-10-26', '2020-10-24 23:07:30', 2, 'Lucius Malfoy had no choice. With a last, incensed stare at the pair of them, he swung his cloak around him and hurried out of sight.'),
('hderechter5o', 'Thomaty', '0', 'hreysoneg', '2020-10-28', '2020-10-30', '2020-10-27 10:45:17', 2, 'man who seemed to have been turned inside out and a witch sprouting several extra pairs of arms out of her head.'),
('rcraino8', 'Monroty', '0', 'hreysoneg', '2020-10-31', '2020-10-31', '2020-10-27 16:31:19', 1, 'carved into lanterns large enough for three men to sit in, and there were rumors that Dumbledore had booked a troupe of dancing skeletons for the entertainment.'),
('rcraino8', 'Monroty', '0', 'hreysoneg', '2020-10-31', '2020-10-31', '2020-10-29 04:38:13', 2, 'When the door had closed behind her, Ron let out a long, low whistle.'),
('ashattock51', 'Odelty', '0', 'hreysoneg', '2020-11-02', '2020-11-02', '2020-11-01 11:56:06', 1, 'She looked irritable and at last seemed ready to talk to them.'),
('sogilviemb', 'Chiquitty', '0', 'hreysoneg', '2020-11-13', '2020-11-13', '2020-11-09 21:54:42', 2, 'An aged witch stood in front of him, holding a tray of what looked horribly like whole human fingernails.'),
('balvaradogx', 'Emmty', '0', 'hreysoneg', '2020-11-23', '2020-11-23', '2020-11-11 11:28:38', 2, '"No," said Harry. "Not unless you know where we can get seven free Nimbus Two Thousand and Ones for our match against Sly - "'),
('ajeffreysr1', 'Aurlity', '0', 'hreysoneg', '2020-11-29', '2020-11-30', '2020-11-08 14:42:09', 2, 'It was Colin Creevey. His eyes were wide and his hands were stuck up in front of him, holding his camera.'),
('ashattock51', 'Odelty', '0', 'bhillingc0', '2020-10-02', '2020-10-02', '2020-09-29 10:44:39', 2, 'Dumbledore was giving Harry a searching look. His twinkling light-blue gaze made Harry feel as though he were being X-rayed.'),
('emcilhagga79', 'Clementity', '0', 'bhillingc0', '2020-10-06', '2020-10-07', '2020-10-03 06:53:38', 1, 'Harry left through the back door. It was a brilliant, sunny day. He crossed the lawn, slumped down on the garden bench, and sang under his breath:'),
('bbotlerg2', 'Angety', '0', 'bhillingc0', '2020-10-14', '2020-10-14', '2020-10-12 23:24:24', 1, 'His office had been almost completely stripped. Two large trunks stood open on the floor. Robes, jade- green, lilac, midnight-blue, had been hastily folded into one of them; books were jumbled untidily into the other. The photographs that had covered the walls were now crammed into boxes on the desk.'),
('cvasilenko57', 'Hortoty', '0', 'bhillingc0', '2020-10-24', '2020-10-24', '2020-10-20 08:55:03', 1, '"Er, well, yes," said Lockhart, ripping a life-size poster of himself from the back of the door as he spoke and starting to roll it up. "Urgent call - unavoidable - got to go - "'),
('cvasilenko57', 'Hortoty', '0', 'bhillingc0', '2020-10-24', '2020-10-24', '2020-10-19 02:06:39', 2, 'He was becoming drowsy when what seemed like their very last hope occurred to him, and he suddenly sat bolt upright.'),
('mfowlec3', 'Abbty', '0', 'bhillingc0', '2020-10-24', '2020-10-24', '2020-10-19 07:34:41', 2, '"When I heard - well, of course, it was all my fault. Could have kicked myself."'),
('mfowlec3', 'Abbty', '0', 'bhillingc0', '2020-10-24', '2020-10-24', '2020-10-22 11:09:58', 2, 'He opened his eyes. Moonlight was shining through the bars on the window. And someone was goggling through the bars at him: a freckle-faced, red-haired, long-nosed someone.'),
('csimchenko94', 'Tadty', '0', 'bhillingc0', '2020-10-28', '2020-10-28', '2020-10-27 16:45:26', 2, 'Harry looked at his watch. Five of their precious sixty minutes had already passed.'),
('carchdeacon76', 'Olivety', '0', 'bhillingc0', '2020-10-29', '2020-10-29', '2020-10-27 06:26:29', 1, '"That will do, Macmillan!" said Professor McGonagall sharply.'),
('rforsdikejb', 'Carcty', '0', 'bhillingc0', '2020-11-09', '2020-11-10', '2020-11-04 16:14:20', 2, 'Next moment, Dumbledore was backing into the dormitory, wearing a long woolly dressing gown and a nightcap. He was carrying one end of what looked like a statue. Professor McGonagall appeared a second later, carrying its feet. Together, they heaved it onto a bed.'),
('dblaineil', 'Geoffrty', '0', 'bhillingc0', '2020-11-08', '2020-11-10', '2020-11-03 00:52:30', 2, 'Her words were cut short, however, as the portrait of the fat lady swung open and there was a sudden storm of clapping. It looked as though the whole of Gryffindor House was still awake, packed into the circular common room, standing on the lopsided tables and squashy armchairs, waiting for them to arrive. Arms reached through the portrait hole to pull Harry and Ron inside, leaving Hermione to scramble in after them.'),
('wgillicuddyhq', 'Emmyty', '0', 'bhillingc0', '2020-11-20', '2020-11-21', '2020-11-09 22:42:33', 1, 'It was still right below them, winding its way past a snowcapped mountain. It was much darker beneath the canopy of clouds.'),
('rkirimaae1', 'Kerrty', '0', 'bhillingc0', '2020-11-20', '2020-11-23', '2020-11-08 02:46:58', 1, 'She waved vaguely at the dirty old mirror and the damp floor.'),
('lgwatkinhh', 'Xaviety', '0', 'lfain7b', '2020-10-01', '2020-10-01', '2020-09-27 02:11:52', 1, 'Harry, however, pointed at the word Hermione had scribbled at the foot of the page.'),
('bdallmannlp', 'Kevyty', '0', 'lfain7b', '2020-10-05', '2020-10-05', '2020-10-03 19:51:37', 1, 'Harry had no time to reply. At that very moment, a heavy black Bludger came pelting toward him; he avoided it so narrowly that he felt it ruffle his hair as it passed.'),
('lbenza1y', 'Cortty', '0', 'lfain7b', '2020-10-05', '2020-10-05', '2020-10-02 19:23:18', 2, 'It was nearly lunchtime and as Harry had only had one bit of treacle toffee since dawn, he was keen to go back to school to eat. They said good-bye to Hagrid and walked back up to the castle, Ron hiccoughing occasionally, but only bringing up two very small slugs.'),
('lbenza1y', 'Cortty', '0', 'lfain7b', '2020-10-05', '2020-10-05', '2020-10-03 05:27:08', 1, '"Take me?" said Hagrid, who was trembling. "Take me where?"'),
('elangfittae', 'Xaviety', '0', 'lfain7b', '2020-10-05', '2020-10-05', '2020-09-30 22:22:13', 1, '"The cry of the Mandrake is fatal to anyone who hears it," she said promptly.'),
('dchaddockb1', 'Dorrity', '0', 'lfain7b', '2020-10-05', '2020-10-05', '2020-09-30 00:14:17', 2, 'And from the middle of the misty, domed web, a spider the size of a small elephant emerged, very slowly. There was gray in the black of his body and legs, and each of the eyes on his ugly, pincered head was milky white. He was blind.'),
('carmaneo', 'Laurty', '0', 'lfain7b', '2020-10-10', '2020-10-10', '2020-10-06 17:29:37', 2, '"Melted," said Madam Pomfrey wonderingly. "All melted ..."'),
('kguppyik', 'Tiffty', '0', 'lfain7b', '2020-10-14', '2020-10-14', '2020-10-13 19:30:32', 1, 'Harry tapped Ron on the shoulder, pointing at the grass. Two solitary spiders were hurrying away from the wandlight into the shade of the trees.'),
('egrousejg', 'Ignaciuty', '0', 'lfain7b', '2020-10-17', '2020-10-17', '2020-10-15 21:53:37', 1, '"Now, Harry," said Lockhart. "When Draco points his wand at you, you do this."'),
('egrousejg', 'Ignaciuty', '0', 'lfain7b', '2020-10-17', '2020-10-17', '2020-10-16 15:08:57', 2, 'Then he started telling them everything. For nearly a quarter of an hour he spoke into the rapt silence: He told them about hearing the disembodied voice, how Hermione had finally realized that he was hearing a basilisk in the pipes; how he and Ron had followed the spiders into the forest, that Aragog had told them where the last victim of the basilisk had died; how he had guessed that Moaning Myrtle had been the victim, and that the entrance to the Chamber of Secrets might be in her bathroom. ...'),
('rdabrowskiov', 'Isidorty', '0', 'lfain7b', '2020-10-17', '2020-10-17', '2020-10-13 16:12:16', 2, 'Harry felt Ron slide silently down onto the wardrobe floor beside him.'),
('rboykett9n', 'Khality', '0', 'lfain7b', '2020-10-24', '2020-10-24', '2020-10-20 18:16:38', 1, 'Hermione put her fingers to her lips and set off toward the end stall. When she reached it she said, "Hello, Myrtle, how are you?"'),
('mdarbishiremk', 'Reillty', '0', 'lfain7b', '2020-10-29', '2020-10-29', '2020-10-25 04:20:11', 2, '"Only a true Gryffindor could have pulled that out of the hat, Harry," said Dumbledore simply.'),
('droscamps36', 'Dalilty', '0', 'lfain7b', '2020-10-29', '2020-10-29', '2020-10-27 15:13:15', 1, '"To business, Harry," said Riddle, still smiling broadly. "Twice - in your past, in my future - we have met. And twice I failed to kill you. How did you survive ? Tell me everything. The longer you talk," he added softly, "the longer you stay alive."'),
('bbotlerg2', 'Mety', '0', 'lfain7b', '2020-11-04', '2020-11-04', '2020-10-30 21:04:03', 1, 'There was no answering voice. Instead, the hat contracted, as though an invisible hand was squeezing it very tightly.'),
('emccrostie44', 'Ardinty', '0', 'lfain7b', '2020-11-05', '2020-11-05', '2020-11-02 02:27:56', 2, '"All right," he said. "Fred, George, you heard Harry - leave him alone and let him deal with the Bludger on his own."'),
('emccrostie44', 'Ardinty', '0', 'lfain7b', '2020-11-05', '2020-11-05', '2020-11-04 11:14:49', 2, '"Pitiful," said Fred. "I bet I can get mine beyond that stump."'),
('rortellsjo', 'Basiliuty', '0', 'lfain7b', '2020-11-10', '2020-11-11', '2020-11-09 22:13:10', 2, 'These words, too, faded away, but not before Harry had started to scribble back.'),
('droscamps36', 'Dalilty', '0', 'lfain7b', '2020-11-16', '2020-11-16', '2020-11-07 02:39:56', 2, 'Fawkes was waiting for them, hovering in the Chamber entrance. Harry urged Ginny forward; they stepped over the motionless coils of the dead basilisk, through the echoing gloom, and back into the tunnel. Harry heard the stone doors close behind them with a soft hiss.'),
('vbettenaygp', 'Christoffety', '0', 'lfain7b', '2020-11-20', '2020-11-21', '2020-11-10 07:45:12', 1, 'The dormitory door flew open and in came the other second year Gryffindor boys, Seamus Finnigan, Dean Thomas, and Neville Longbottom.'),
('krallings9k', 'Gerity', '0', 'feliah5', '2020-10-08', '2020-10-09', '2020-10-06 01:56:46', 2, '"The adventure ends here, boys!" he said. "I shall take a bit of this skin back up to the school, tell them I was too late to save the girl, and that you two tragically lost your minds at the sight of her mangled body - say good-bye to your memories!"'),
('ysolleyl', 'Ciety', '0', 'feliah5', '2020-10-22', '2020-10-22', '2020-10-19 11:41:46', 2, 'He wrenched open the door and as the elf came hurrying up to him, he kicked him right through it. They could hear Dobby squealing with pain all the way along the corridor. Harry stood for a moment, thinking hard. Then it came to him -'),
('elangfittae', 'Xaviety', '0', 'feliah5', '2020-10-26', '2020-10-26', '2020-10-25 14:08:42', 2, 'mottled skin, and was clearly bawling at the top of his lungs.'),
('mackeroydnm', 'Darty', '0', 'vvreiberg9f', '2020-10-09', '2020-10-16', '2020-10-04 18:50:06', 2, 'He raised his own wand, attempted a complicated sort of wiggling action, and dropped it. Snape smirked as Lockhart quickly picked it up, saying, "Whoops - my wand is a little overexcited - "'),
('dfernandezar', 'Dannty', '0', 'vvreiberg9f', '2020-10-06', '2020-10-09', '2020-10-04 12:34:22', 1, '"Oh, yes, sir," said Dobby earnestly. "Dobby has come to tell you, sir ... it is difficult, sir ... Dobby wonders where to begin. ..."'),
('pspightni', 'Gennty', '0', 'vvreiberg9f', '2020-10-11', '2020-10-15', '2020-10-09 03:38:46', 1, '"Precisely. Now, we should aim to get in a few good compliments at dinner. Petunia, any ideas?"'),
('jrojako', 'Dannty', '0', 'vvreiberg9f', '2020-10-07', '2020-10-10', '2020-10-05 18:22:43', 1, 'It was Dumbledore. He entered, looking deadly serious, and was followed by a second, very odd- looking man.'),
('lnicklenpd', 'Sylaty', '0', 'vvreiberg9f', '2020-10-05', '2020-10-12', '2020-10-02 12:30:10', 1, '"Only a true Gryffindor could have pulled that out of the hat, Harry," said Dumbledore simply.'),
('lparksk2', 'Angellty', '0', 'vvreiberg9f', '2020-10-06', '2020-10-13', '2020-10-04 13:38:28', 2, 'Lucius Malfoy had no choice. With a last, incensed stare at the pair of them, he swung his cloak around him and hurried out of sight.'),
('ryakunin44', 'Gennty', '0', 'vvreiberg9f', '2020-11-05', '2020-11-08', '2020-11-04 17:57:05', 2, '"Gotcha!" Fred yelled happily, but he was wrong; as though it was magnetically attracted to Harry, the Bludger pelted after him once more and Harry was forced to fly off at full speed.'),
('mgarnamk4', 'Alforty', '0', 'vvreiberg9f', '2020-11-03', '2020-11-05', '2020-11-02 11:04:36', 1, 'Half an hour later, Lockhart collected the papers and rifled through them in front of the class.'),
('ilindelof3r', 'Ronnty', '0', 'vvreiberg9f', '2020-11-20', '2020-11-27', '2020-11-11 13:35:15', 1, '"What do you mean?" Harry scrawled, blotting the page in his excitement.'),
('nmaiseygo', 'Ginnifety', '0', 'vvreiberg9f', '2020-11-28', '2020-11-30', '2020-11-08 17:56:07', 1, 'His eyes fell on Harry and then darted to the Kwikspell envelope, which, Harry realized too late, was lying two feet away from where it had started.'),
('ufrankcombe5h', 'Nety', '0', 'vvreiberg9f', '2020-11-21', '2020-11-28', '2020-11-07 13:44:46', 2, '"Ha!" said Harry under his breath, pleased to see Draco looking both abashed and angry.'),
('othingir', 'Ciety', '0', 'vvreiberg9f', '2020-11-28', '2020-11-30', '2020-11-11 06:42:25', 1, 'It looked as though it had once been a large stone pigpen, but extra rooms had been added here and there until it was several stories high and so crooked it looked as though it were held up by magic (which, Harry reminded himself, it probably was). Four or five chimneys were perched on top of the red roof. A lopsided sign stuck in the ground near the entrance read, THE BURROW. Around the front door lay a jumble of rubber boots and a very rusty cauldron. Several fat brown chickens were pecking their way around the yard.'),
('pengel2b', 'Christty', '0', 'vvreiberg9f', '2020-11-17', '2020-11-19', '2020-11-10 11:12:35', 1, '"Just because he said you were the best student of the year - "'),
('pengel2b', 'Christty', '0', 'vvreiberg9f', '2020-11-17', '2020-11-19', '2020-11-11 16:50:30', 2, 'He stroked the phoenix, which had fluttered down onto his knee. Harry grinned awkwardly as Dumbledore watched him.'),
('mransburybw', 'Dety', '0', 'vvreiberg9f', '2020-11-26', '2020-11-29', '2020-11-09 04:17:01', 1, '"Oh, very well," he said slowly. "Let me see ... the Chamber of Secrets . . .'),
('hswaden4d', 'Robinety', '0', 'vvreiberg9f', '2020-11-25', '2020-11-27', '2020-11-08 11:28:42', 2, 'carved into lanterns large enough for three men to sit in, and there were rumors that Dumbledore had booked a troupe of dancing skeletons for the entertainment.'),
('gkinnieja', 'Rutgety', '0', 'vvreiberg9f', '2020-11-17', '2020-11-19', '2020-11-09 04:57:08', 1, 'Lucius Malfoy had no choice. With a last, incensed stare at the pair of them, he swung his cloak around him and hurried out of sight.'),
('gkinnieja', 'Rutgety', '0', 'vvreiberg9f', '2020-11-17', '2020-11-19', '2020-11-11 07:48:36', 2, 'In the second week of December Professor McGonagall came around as usual, collecting names of those who would be staying at school for Christmas. Harry, Ron, and Hermione signed her list; they had heard that Malfoy was staying, which struck them as very suspicious. The holidays would be the perfect time to use the Polyjuice Potion and try to worm a confession out of him.'),
('bseverwright2h', 'Bettinty', '0', 'twheway98', '2020-10-02', '2020-10-09', '2020-09-27 16:29:37', 1, '"I mean, nobody wishes more than I do that it had all been quick and clean, and my head had come off properly, I mean, it would have saved me a great deal of pain and ridicule. However - " Nearly Headless Nick shook his letter open and read furiously:'),
('emcilhagga79', 'Gilliaty', '0', 'twheway98', '2020-11-10', '2020-11-17', '2020-11-07 04:01:13', 1, 'Harry lowered Ginny back onto the floor, unable to hold her up any longer.'),
('mgarretts3l', 'Kaitlynty', '0', 'twheway98', '2020-10-20', '2020-10-27', '2020-10-17 12:13:08', 2, '"But the monster had killed someone, Ron," said Hermione.'),
('lfabri4t', 'Wordety', '0', 'twheway98', '2020-10-30', '2020-11-06', '2020-10-25 18:34:16', 1, '"Just saying - saying - how nice you look tonight," said Hermione, glaring at Peeves.'),
('othingir', 'Ciety', '0', 'twheway98', '2020-11-18', '2020-11-24', '2020-11-09 01:19:14', 1, 'Spiders. Not tiny spiders like those surging over the leaves below. Spiders the size of carthorses, eight- eyed, eight-legged, black, hairy, gigantic. The massive specimen that was carrying Harry made its way down the steep slope toward a misty, domed web in the very center of the hollow, while its fellows closed in all around it, clicking their pincers excitedly at the sight of its load.'),
('bphilcottig', 'Robinety', '0', 'twheway98', '2020-10-16', '2020-10-18', '2020-10-13 11:41:40', 2, '"All students to return to their House dormitories at once. All teachers return to the staffroom. Immediately, please."'),
('sketchdz', 'Pembrokty', '0', 'dsingyardjz', '2020-10-02', '2020-10-09', '2020-09-30 05:09:25', 1, '"Skip the lecture," said Ron impatiently, "and tell us the new password."'),
('rortellsjo', 'Basiliuty', '0', 'dsingyardjz', '2020-10-01', '2020-10-08', '2020-09-28 12:01:38', 1, '"Fer the Halloween feast ... should be big enough by then."'),
('fparsonaged6', 'Nolty', '0', 'dsingyardjz', '2020-10-20', '2020-10-22', '2020-10-16 21:20:18', 2, '"Lucky that I recorded my memories in some more lasting way than ink. But I always knew that there would be those who would not want this diary read."'),
('fparsonaged6', 'Nolty', '0', 'dsingyardjz', '2020-10-20', '2020-10-22', '2020-10-19 12:44:51', 1, '"Got to get upstairs - bit tired," he said, and the two of them started pushing their way toward the door on the other side of the room, which led to a spiral staircase and the dormitories.'),
('rtockeo', 'Kevoty', '0', 'dsingyardjz', '2020-10-16', '2020-10-22', '2020-10-12 20:15:23', 2, '"I will escort you back to Gryffindor Tower," said Professor McGonagall heavily. "I need to address the students in any case."'),
('aengledow5l', 'Marjty', '0', 'dsingyardjz', '2020-10-21', '2020-10-22', '2020-10-16 00:32:08', 1, 'The three of them fell silent. After a long pause, Hermione voiced the knottiest question of all in a hesitant voice.'),
('tcounihane1', 'Khality', '0', 'dsingyardjz', '2020-10-13', '2020-10-20', '2020-10-12 16:39:35', 2, '"Are you okay, Hagrid?" said Harry. "Did you hear about Hermione?"'),
('dchaddockb1', 'Gregorty', '0', 'dsingyardjz', '2020-10-07', '2020-10-14', '2020-10-02 09:08:41', 1, 'He banged the lids of his trunks shut and locked them.'),
('lvondrachgi', 'Andrety', '0', 'dsingyardjz', '2020-11-21', '2020-11-25', '2020-11-07 11:14:16', 1, 'Careful not to spill a drop of his Polyjuice Potion, Harry slipped into the middle stall.'),
('lvondrachgi', 'Andrety', '0', 'dsingyardjz', '2020-11-21', '2020-11-25', '2020-11-11 01:11:11', 2, '"And we thought it was going to attack us!" said Ron, leaning against the car and patting it. "I wondered where it had gone!"'),
('nproswelloe', 'Dominicty', '0', 'dsingyardjz', '2020-11-19', '2020-11-23', '2020-11-07 08:33:53', 2, 'Then he waved the wand once, and the letters of his name rearranged themselves:'),
('nproswelloe', 'Dominicty', '0', 'dsingyardjz', '2020-11-19', '2020-11-23', '2020-11-08 05:26:51', 1, '"When young Harry here stepped into Flourish and Blotts today, he only wanted to buy my autobiography - which I shall be happy to present him now, free of charge - " The crowd applauded again. "He had no idea," Lockhart continued, giving Harry a little shake that made his glasses slip to the end of his nose, "that he would shortly be getting much, much more than my book, Magical Me. He and his schoolmates will, in fact, be getting the real magical me. Yes, ladies and gentlemen, I have great pleasure and pride in announcing that this September, I will be taking up the post of Defense Against the Dark Arts teacher at Hogwarts School of Witchcraft and Wizardry!"'),
('vschulterlr', 'Betty', '0', 'dsingyardjz', '2020-11-18', '2020-11-19', '2020-11-07 17:41:39', 1, 'Harry had only just started his porridge when, sure enough, there was a rushing sound overhead and a hundred or so owls streamed in, circling the hall and'),
('rkirimaae1', 'Angety', '0', 'dsingyardjz', '2020-11-16', '2020-11-23', '2020-11-10 21:47:24', 1, 'He heard Ron give a strangled cheer, and they turned the next bend to see his eager face staring through the sizable gap he had managed to make in the rockfall.'),
('mbeswetherick7c', 'Isaaty', '0', 'ajeffes3f', '2020-10-28', '2020-11-04', '2020-10-23 20:55:57', 2, 'Then there was a popping noise and the car, Harry, and Ron reappeared.'),
('sjaouencq', 'Welbity', '0', 'ajeffes3f', '2020-10-07', '2020-10-07', '2020-10-04 06:39:09', 2, 'Harry saw at once that it was a diary, and the faded year on the cover told him it was fifty years old. He opened it eagerly. On the first page he could just make out the name "T. M. Riddle" in smudged ink.'),
('csimchenko94', 'Tadty', '0', 'ajeffes3f', '2020-11-14', '2020-11-21', '2020-11-08 13:05:53', 2, 'Moaning Myrtle burst into anguished sobs and fled from the dungeon. Peeves shot after her, pelting her with moldy peanuts, yelling, "Pimply\ Pimplyl"'),
('sjanosevicow', 'Duty', '0', 'ajeffes3f', '2020-10-10', '2020-10-17', '2020-10-07 23:53:29', 2, 'But Dobby shouted, "You shall not harm Harry Potter!"'),
('sjanosevicow', 'Duty', '0', 'ajeffes3f', '2020-10-10', '2020-10-17', '2020-10-08 15:59:33', 2, 'Arthur Weasley, Head of the Misuse of Muggle Artifacts Office, was today fined fifty Galleons for bewitching a Muggle car.'),
('vbettenaygp', 'Christoffety', '0', 'ajeffes3f', '2020-10-12', '2020-10-19', '2020-10-08 23:55:04', 1, '"I had no memory for incantations and my potions were a family joke! Now, after a Kwikspell course, I am the center of attention at parties and friends beg for the recipe of my Scintillation Solution!"'),
('bbotlerg2', 'Angety', '0', 'ajeffes3f', '2020-10-25', '2020-11-01', '2020-10-24 13:16:32', 1, '"No second year could have done this," said Dumbledore firmly. "It would take Dark Magic of the most advanced - "'),
('nproswelloe', 'Dominicty', '0', 'ajeffes3f', '2020-10-27', '2020-11-03', '2020-10-22 00:38:25', 2, '"A memory," said Riddle quietly. "Preserved in a diary for fifty years."'),
('nproswelloe', 'Dominicty', '0', 'ajeffes3f', '2020-10-27', '2020-11-03', '2020-10-24 03:36:39', 2, 'Her words were cut short, however, as the portrait of the fat lady swung open and there was a sudden storm of clapping. It looked as though the whole of Gryffindor House was still awake, packed into the circular common room, standing on the lopsided tables and squashy armchairs, waiting for them to arrive. Arms reached through the portrait hole to pull Harry and Ron inside, leaving Hermione to scramble in after them.'),
('wleggisp7', 'Ardinty', '0', 'aculrossjk', '2020-11-04', '2020-11-11', '2020-10-30 23:29:24', 1, 'were dull and, even as Harry watched, a couple more feathers fell out of its tail.'),
('dpischel3d', 'Robinsoty', '0', 'aculrossjk', '2020-10-07', '2020-10-13', '2020-10-03 01:14:42', 2, 'A stooping man had appeared behind the counter, smoothing his greasy hair back from his face.'),
('lbracknell56', 'Claudinty', '0', 'aculrossjk', '2020-10-24', '2020-10-31', '2020-10-22 01:30:32', 1, '... And now, at Hogwarts, terrible things are to happen, are perhaps happening already, and Dobby cannot let Harry Potter stay here now that history is to repeat itself, now that the Chamber of Secrets is open once more - "'),
('escarrottgk', 'Anne-marity', '0', 'aculrossjk', '2020-11-22', '2020-11-25', '2020-11-08 11:02:15', 1, 'Harry looked back at the snake, willing himself to believe it was alive. If he moved his head, the candlelight made it look as though it were moving.'),
('ymiebes5', 'Merlty', '0', 'aculrossjk', '2020-10-23', '2020-10-30', '2020-10-19 04:01:56', 1, '"Gather round, gather round! Can everyone see me? Can you all hear me? Excellent!'),
('bpryddengy', 'Theressty', '0', 'aculrossjk', '2020-10-06', '2020-10-13', '2020-10-05 04:06:39', 2, 'His spell lit the corridor with a sudden flaming light. The door behind the large boy flew open with such force it knocked him into the wall opposite. And out of it came something that made Harry let out a long, piercing scream unheard by anyone -'),
('lgerckeau', 'Clementity', '0', 'aculrossjk', '2020-10-08', '2020-10-15', '2020-10-04 23:31:32', 1, '"Eat slugs, Malfoy," said Ron angrily. Crabbe stopped laughing and started rubbing his knuckles in a menacing way.'),
('sdermott2c', 'Amabety', '0', 'aculrossjk', '2020-10-23', '2020-10-30', '2020-10-18 15:18:58', 1, '"KILL THE BOY! LEAVE THE BIRD! THE BOY IS BEHIND YOU! SNIFF - SMELL HIM!"'),
('sdermott2c', 'Amabety', '0', 'aculrossjk', '2020-10-23', '2020-10-30', '2020-10-22 07:28:52', 1, 'October arrived, spreading a damp chill over the grounds and into the castle. Madam Pomfrey, the nurse, was kept busy by a sudden spate of colds among the staff and students. Her Pepperup Potion worked instantly, though it left the drinker smoking at the ears for several hours afterward. Ginny Weasley, who had been looking pale, was bullied into taking some by Percy. The steam pouring from under her vivid hair gave the impression that her whole head was on fire.'),
('eganniclifftic', 'Catrinty', '0', 'gpauly2w', '2020-11-05', '2020-11-12', '2020-11-02 23:54:34', 2, '"Hagrid!" Harry croaked in relief. "I was lost - Floo powder - "'),
('droscamps36', 'Maudty', '0', 'gpauly2w', '2020-10-14', '2020-10-21', '2020-10-09 04:35:33', 1, 'Before Dumbledore could speak another word, however, the door of the office flew open with an almighty bang and Hagrid burst in, a wild look in his eyes, his balaclava perched on top of his shaggy black head and the dead rooster still swinging from his hand.'),
('eganniclifftic', 'Catrinty', '0', 'gpauly2w', '2020-10-12', '2020-10-19', '2020-10-09 03:25:40', 2, 'the oven door later. . . . Harry Potter must not go back to Hogwarts."'),
('ryakunin44', 'Blaity', '0', 'gpauly2w', '2020-10-06', '2020-10-13', '2020-10-05 17:12:20', 1, 'And without a backward glance at Harry, Filch ran flat-footed from the office, Mrs. Norris streaking alongside him.'),
('sjanosevicow', 'Tiffty', '0', 'oivanikhin2t', '2020-10-05', '2020-10-12', '2020-09-30 15:32:09', 2, '"Oh," said Riddle. He sat down, gripping his hands together very tightly.'),
('lcrufts69', 'Dolpty', '0', 'oivanikhin2t', '2020-10-10', '2020-10-16', '2020-10-09 20:58:33', 2, '"If the governors want my removal, Lucius, I shall of course step aside - "'),
('cbarthelmesqh', 'Christity', '0', 'oivanikhin2t', '2020-10-19', '2020-10-23', '2020-10-18 19:47:54', 1, 'For an agonizing moment, Harry hung in midair, not daring to speed toward Malfoy in case he looked up and saw the Snitch.'),
('cbarthelmesqh', 'Christity', '0', 'oivanikhin2t', '2020-10-19', '2020-10-23', '2020-10-18 21:50:19', 1, '"Yes," he said dramatically. " Freshly caught Cornish pixies."'),
('jbearnedb', 'Abbty', '0', 'oivanikhin2t', '2020-10-15', '2020-10-22', '2020-10-10 23:25:57', 2, '"Aaargh!" said Ron as another twisted limb punched a large dent into his door; the windshield was now trembling under a hail of blows from knuckle-like twigs and a branch as thick as a battering ram was pounding furiously on the roof, which seemed to be caving -'),
('jbearnedb', 'Abbty', '0', 'oivanikhin2t', '2020-10-15', '2020-10-22', '2020-10-12 23:33:34', 2, 'And still, behind his back, Dobby was pointing, first to the diary, then to Lucius Malfoy, then punching himself in the head.'),
('cbonaviad5', 'Abbty', '0', 'oivanikhin2t', '2020-11-09', '2020-11-16', '2020-11-04 00:13:43', 1, 'coming into the hall, calling, "Dudley must have left his television on again, the little tyke!"'),
('itabourinp0', 'Chiquitty', '0', 'oivanikhin2t', '2020-11-12', '2020-11-16', '2020-11-11 02:08:31', 2, 'He came around, rain falling on his face, still lying on the field, with someone leaning over him. He saw a glitter of teeth.'),
('itabourinp0', 'Chiquitty', '0', 'oivanikhin2t', '2020-11-12', '2020-11-16', '2020-11-08 14:48:39', 1, '"Face your partners!" called Lockhart, back on the platform. "And bow!"'),
('charpinis', 'Steffty', '0', 'oivanikhin2t', '2020-11-10', '2020-11-17', '2020-11-09 13:47:11', 1, 'Harry, Ron, and Hermione were joined at their tray by a curly-haired Hufflepuff boy Harry knew by sight but had never spoken to.'),
('dlinkleterdq', 'Carcty', '0', 'oivanikhin2t', '2020-11-20', '2020-11-27', '2020-11-07 10:05:44', 2, '"Shame," said Ron, helping himself to a jam doughnut. "He was starting to grow on me."'),
('kshout8l', 'Nolty', '0', 'oivanikhin2t', '2020-11-06', '2020-11-11', '2020-11-03 19:32:21', 1, 'All three of them turned to stare into the darkness ahead.'),
('fswannack6d', 'Basity', '0', 'oivanikhin2t', '2020-11-22', '2020-11-26', '2020-11-11 00:18:21', 1, 'He glanced over his shoulder at the ancient tree, which was still flailing its branches threateningly.'),
('lfain7b', 'Dannty', '0', 'bblumgg', '2020-10-03', '2020-10-10', '2020-09-30 01:11:45', 2, 'Then she lowered the megaphone and beckoned Harry over to her.'),
('lfain7b', 'Dannty', '0', 'bblumgg', '2020-10-03', '2020-10-10', '2020-09-29 07:53:14', 2, 'His heart beating very fast, Harry stood listening to the chill silence. Could the basilisk be lurking in a shadowy corner, behind a pillar? And where was Ginny?'),
('estratzq', 'Melisandty', '0', 'bblumgg', '2020-10-21', '2020-10-28', '2020-10-20 02:36:38', 1, '"Oh, yes he would," said Ron, even more loudly than Dean.'),
('escarrottgk', 'Ronnty', '0', 'bblumgg', '2020-10-17', '2020-10-24', '2020-10-12 05:18:05', 2, 'THE CHAMBER OF SECRETS HAS BEEN OPENED. ENEMIES OF THE HEIR, BEWARE.'),
('escarrottgk', 'Ronnty', '0', 'bblumgg', '2020-10-17', '2020-10-24', '2020-10-14 18:07:20', 1, 'Hagrid appeared at once, looking very grumpy, but his expression brightened when he saw who it was.'),
('jburstonml', 'Carissty', '0', 'bblumgg', '2020-10-24', '2020-10-31', '2020-10-21 05:57:19', 1, 'Hagrid had gone pale and sweaty. He dropped into one of his chairs and looked from Dumbledore to Cornelius Fudge.'),
('wlargemc', 'Malissty', '0', 'bblumgg', '2020-10-09', '2020-10-16', '2020-10-07 17:11:51', 1, 'Mrs. Weasley fussed over the state of his socks and tried to force him to eat fourth helpings at every meal. Mr. Weasley liked Harry to sit next to him at the dinner table so that he could bombard him with questions about life with Muggles, asking him to explain how things like plugs and the postal service worked.'),
('wlargemc', 'Malissty', '0', 'bblumgg', '2020-10-09', '2020-10-16', '2020-10-06 07:32:18', 1, 'Kwikspell is an all-new, fail-safe, quick-result, easy- learn course. Hundreds of witches and wizards have benefited from the Kwikspell method!'),
('cvasilenko57', 'Dominicty', '0', 'bblumgg', '2020-10-14', '2020-10-21', '2020-10-11 19:50:15', 2, '"Oh, yeah - pure-blood\" said Malfoy, not listening, and a stone door concealed in the wall slid open. Malfoy marched through it, and Harry and Ron followed him.'),
('sjoberne4o', 'Mearty', '0', 'bblumgg', '2020-10-11', '2020-10-18', '2020-10-08 12:13:02', 1, '"Off you go, move along there," Lockhart called to the crowd, and he set off back to the castle with Harry, who was wishing he knew a good Vanishing Spell, still clasped to his side.'),
('dfernandezar', 'Tucty', '0', 'socloneyq6', '2020-10-09', '2020-10-15', '2020-10-06 15:18:16', 1, 'Then he started telling them everything. For nearly a quarter of an hour he spoke into the rapt silence: He told them about hearing the disembodied voice, how Hermione had finally realized that he was hearing a basilisk in the pipes; how he and Ron had followed the spiders into the forest, that Aragog had told them where the last victim of the basilisk had died; how he had guessed that Moaning Myrtle had been the victim, and that the entrance to the Chamber of Secrets might be in her bathroom. ...'),
('jsmealki', 'Rhianoty', '0', 'socloneyq6', '2020-11-07', '2020-11-09', '2020-11-06 05:28:48', 2, '"MUUUUUUM!" howled Dudley, tripping over his feet as he dashed back toward the house. "MUUUUM!'),
('aauldb0', 'Godivty', '0', 'socloneyq6', '2020-10-02', '2020-10-09', '2020-09-29 22:38:58', 2, 'He peered more closely at Harry from under his thick, snow-flecked eyebrows.'),
('dsauniernm', 'Ginnifety', '0', 'socloneyq6', '2020-10-24', '2020-10-31', '2020-10-20 13:01:09', 2, 'At that moment, Uncle Vernon cleared his throat importantly and said, "Now, as we all know, today is a very important day."'),
('ysolleyl', 'Shamuty', '0', 'socloneyq6', '2020-10-26', '2020-11-02', '2020-10-21 14:45:14', 1, '"Just saying - saying - how nice you look tonight," said Hermione, glaring at Peeves.'),
('ysolleyl', 'Shamuty', '0', 'socloneyq6', '2020-10-26', '2020-11-02', '2020-10-22 20:41:05', 2, '"Did Lucius Malfoy buy anything?" said Mr. Weasley sharply behind them.'),
('jbelcham80', 'Helyty', '0', 'socloneyq6', '2020-11-07', '2020-11-07', '2020-11-03 14:43:21', 1, 'Harry tripped. He fell hard onto the stone and tasted blood - the serpent was barely feet from him, he could hear it coming -'),
('tcounihane1', 'Willettty', '0', 'socloneyq6', '2020-10-02', '2020-10-09', '2020-09-29 04:55:19', 1, '"My dear friends," he said mournfully. "Welcome, welcome ... so pleased you could come. ..."'),
('kliggensh4', 'Douglaty', '0', 'socloneyq6', '2020-11-24', '2020-11-27', '2020-11-09 08:22:52', 1, '"We have a very different idea of what disgraces the name of wizard, Malfoy," he said.'),
('rortellsjo', 'Basiliuty', '0', 'socloneyq6', '2020-12-01', '2020-12-01', '2020-11-07 18:11:17', 2, 'gold could buy. He had never wanted to beat Slytherin so badly. After half an hour of lying there with his insides churning, he got up, dressed, and went down to breakfast early, where he found the rest of the Gryffindor team huddled at the long, empty table, all looking uptight and not speaking much.'),
('rmaddamsa5', 'Dominicty', '0', 'cbraybrookes3i', '2020-10-15', '2020-10-22', '2020-10-14 10:08:26', 1, '"Wake up," she said loudly, pulling back the curtains at the window.'),
('hhousemanl8', 'Nevity', '0', 'cbraybrookes3i', '2020-10-30', '2020-11-06', '2020-10-29 21:43:44', 2, '"Why do you care how I escaped?" said Harry slowly. "Voldemort was after your time. ..."'),
('lkiraoy', 'Wendty', '0', 'cbraybrookes3i', '2020-10-28', '2020-11-04', '2020-10-24 06:26:18', 1, '"But I booked the field!" said Wood, positively spitting with rage. "I booked it!"'),
('vcouthardeq', 'Salomty', '0', 'cbraybrookes3i', '2020-10-05', '2020-10-12', '2020-10-04 18:09:21', 1, '"Have you ever heard of a plan where so many things could go wrong?"'),
('agitthouse7j', 'Livty', '0', 'cbraybrookes3i', '2020-10-02', '2020-10-09', '2020-09-29 19:45:43', 2, 'Harry snapped the earmuffs over his ears. They shut out sound completely. Professor Sprout put the pink, fluffy pair over her own ears, rolled up the sleeves of her robes, grasped one of the tufty plants firmly, and pulled hard.'),
('lhillyattiw', 'Yolanthty', '0', 'cbraybrookes3i', '2020-11-29', '2020-12-01', '2020-11-07 11:54:11', 2, 'Harry flew higher than any of them, squinting around for the Snitch.'),
('lhillyattiw', 'Yolanthty', '0', 'cbraybrookes3i', '2020-11-29', '2020-12-01', '2020-11-07 10:31:10', 2, 'Professor Sprout was a squat little witch who wore a patched hat over her flyaway hair; there was usually a large amount of earth on her clothes and her fingernails would have made Aunt Petunia faint. Gilderoy Lockhart, however, was immaculate in sweeping robes of turquoise, his golden hair shining under a perfectly positioned turquoise hat with gold trimming.'),
('vbettenaygp', 'Roty', '0', 'rbarbeymj', '2020-10-19', '2020-10-26', '2020-10-15 03:55:35', 1, 'And they both pretended not to notice the whining growing louder and louder as the sky became steadily darker. Stars were blossoming in the blackness.'),
('gelphinstoneci', 'Earvity', '0', 'rbarbeymj', '2020-10-21', '2020-10-28', '2020-10-19 10:11:46', 2, 'He rolled up his sleeves, brandished his wand, and bellowed, "Peskipiksi Pesternomti"'),
('rcollingwoodc4', 'Vickty', '0', 'rbarbeymj', '2020-11-01', '2020-11-08', '2020-10-29 15:18:52', 1, 'Ron looked wildly around. A dozen curious people were still watching them.'),
('kshout8l', 'Nolty', '0', 'rbarbeymj', '2020-10-20', '2020-10-27', '2020-10-17 12:02:35', 2, 'And without a backward glance at Harry, Filch ran flat-footed from the office, Mrs. Norris streaking alongside him.'),
('rklesl1x', 'Annelisty', '0', 'rbarbeymj', '2020-10-28', '2020-10-30', '2020-10-24 14:31:31', 1, '"Read it!" he hissed evilly, brandishing the letter the owl had delivered. "Go on - read it!"'),
('cbonaviad5', 'Abbty', '0', 'rbarbeymj', '2020-10-13', '2020-10-20', '2020-10-08 16:01:11', 1, '"Myrtle, no one wants to upset you," said Hermione. "Harry only - "'),
('wroparsdp', 'Tomty', '0', 'vvreiberg9f', '2020-10-09', '2020-10-16', '2020-10-10 12:23:18', 2, 'Harry could see the sun sinking, blood-red, below the skyline. This was the worst he had ever felt. If only there was something they could do. Anything.'),
('ncasarinios', 'Anatolty', '0', 'vvreiberg9f', '2020-10-10', '2020-10-15', '2020-10-08 19:38:13', 2, '"Read it!" he hissed evilly, brandishing the letter the owl had delivered. "Go on - read it!"'),
('mackeroydnm', 'Darty', '0', 'vvreiberg9f', '2020-11-03', '2020-11-07', '2020-10-08 00:21:16', 1, 'Moaning Myrtle burst into anguished sobs and fled from the dungeon. Peeves shot after her, pelting her with moldy peanuts, yelling, "Pimply\ Pimplyl"'),
('dsauniernm', 'Ginnifety', '0', 'vvreiberg9f', '2020-11-03', '2020-11-04', '2020-10-08 03:05:02', 1, 'Ron unlocked the cavernous trunk with a series of taps from his wand. They heaved their luggage back in, put Hedwig on the back seat, and got into the front.'),
('njacopp', 'Randaty', '0', 'vvreiberg9f', '2020-11-03', '2020-11-06', '2020-10-11 22:03:53', 2, '"Quick, behind here," Harry hissed, dragging Ron behind a nearby bush. Hermione followed, somewhat reluctantly.'),
('galexanderssond2', 'Geoffrty', '0', 'vvreiberg9f', '2020-11-24', '2020-11-30', '2020-10-12 10:03:24', 1, '"Dunno how Mum and Dad are going to afford all our school stuff this year," said George after a while. "Five sets of Lockhart books! And Ginny needs robes and a wand and everything. ..."'),
('galexanderssond2', 'Geoffrty', '0', 'vvreiberg9f', '2020-11-24', '2020-11-30', '2020-10-10 21:38:12', 2, '"- LETTER FROM DUMBLEDORE LAST NIGHT, I THOUGHT YOUR FATHER WOULD DIE OF SHAME,'),
('fparsonaged6', 'Saraanty', '0', 'vvreiberg9f', '2020-11-24', '2020-11-30', '2020-10-12 05:26:00', 1, '"You look troubled, young Potter," said Nick, folding a transparent letter as he spoke and tucking it inside his doublet.'),
('ilindelof3r', 'Ronnty', '0', 'vvreiberg9f', '2020-11-27', '2020-11-28', '2020-10-11 19:11:32', 2, '"Dunno why you care. I thought he was a bit of an idiot," said Ron, scribbling away, making his writing as large as possible. "All that junk about Lockhart being so great - "'),
('plamburnef5', 'Kennitty', '0', 'vvreiberg9f', '2020-11-26', '2020-11-27', '2020-10-09 21:34:02', 1, 'Instead of roots, a small, muddy, and extremely ugly baby popped out of the earth. The leaves were growing right out of his head. He had pale green,'),
('fgamlin6a', 'Dominicty', '0', 'vvreiberg9f', '2020-11-19', '2020-11-26', '2020-10-11 03:27:47', 1, 'He had the same pale, pointed face and identical cold, gray eyes. Mr. Malfoy crossed the shop, looking lazily at the items on display, and rang a bell on the counter before turning to his son and saying, "Touch nothing, Draco."'),
('aauldb0', 'Sharlty', '0', 'vvreiberg9f', '2020-11-21', '2020-11-28', '2020-10-09 01:36:25', 2, 'White-faced and wandless, Lockhart approached the opening.'),
('shutchenceqt', 'Ignaciuty', '0', 'vvreiberg9f', '2020-11-19', '2020-11-23', '2020-10-12 21:28:55', 2, 'Peeves stopped, halfway through a midair somersault. Upside down, he spotted Justin and Nearly Headless Nick. He flipped the right way up, filled his lungs and, before Harry could stop him, screamed, "ATTACK! ATTACK! ANOTHER ATTACK! NO MORTAL OR GHOST IS SAFE! RUN FOR YOUR LIVES! ATTAAAACK!"'),
('achesswas1', 'Carty', '0', 'vvreiberg9f', '2020-11-26', '2020-11-29', '2020-10-11 20:33:40', 2, 'Led by Fawkes, whose wide scarlet wings emitted a soft golden glow in the darkness, they walked all the way back to the mouth of the pipe. Gilderoy Lockhart was sitting there, humming placidly to himself.'),
('akolodziejskii', 'Shamuty', '0', 'vvreiberg9f', '2020-11-17', '2020-11-24', '2020-10-12 18:06:00', 2, 'The light slid over a gigantic snake skin, of a vivid, poisonous green, lying curled and empty across the tunnel floor. The creature that had shed it must have been twenty feet long at least.'),
('dchaddockb1', 'Gregorty', '0', 'dsingyardjz', '2020-10-20', '2020-10-27', '2020-10-11 18:38:47', 1, '"Voldemort," said Riddle softly, "is my past, present, and future, Harry Potter. ..."'),
('kpavlatapn', 'Abbty', '0', 'dsingyardjz', '2020-10-21', '2020-10-28', '2020-10-10 15:22:17', 2, 'Her face was covered in black fur. Her eyes had turned yellow and there were long, pointed ears poking through her hair.'),
('sketchdz', 'Pembrokty', '0', 'dsingyardjz', '2020-11-17', '2020-11-24', '2020-10-12 20:20:43', 1, '"Professor Dumbledore," he said hurriedly. "Can I give that diary back to Mr. Malfoy, please?"'),
('cgiggsbx', 'Isaiaty', '0', 'dsingyardjz', '2020-11-15', '2020-11-20', '2020-10-11 08:13:11', 2, '"We need to see the train to know what direction to go in," said Ron.'),
('cgiggsbx', 'Isaiaty', '0', 'dsingyardjz', '2020-11-15', '2020-11-20', '2020-10-11 14:28:19', 2, 'IMPROPER USE OF MAGIC OFFICE Ministry of Magic'),
('eburgot5e', 'Harmaty', '0', 'aculrossjk', '2020-10-07', '2020-10-14', '2020-10-12 02:13:41', 2, '"No problem," said George from the front passenger seat. "Out of the way, Harry."'),
('rshakesbye30', 'Marity', '0', 'aculrossjk', '2020-10-04', '2020-10-11', '2020-10-10 20:56:53', 1, '"Just saying - saying - how nice you look tonight," said Hermione, glaring at Peeves.'),
('lbracknell56', 'Claudinty', '0', 'gpauly2w', '2020-10-27', '2020-11-03', '2020-10-08 14:59:51', 1, '"I wish there was something I could do for you about the Headless Hunt," Harry said.'),
('lkeson77', 'Steffty', '0', 'oivanikhin2t', '2020-10-08', '2020-10-15', '2020-10-09 11:47:02', 1, '"Only a true Gryffindor could have pulled that out of the hat, Harry," said Dumbledore simply.'),
('cbonaviad5', 'Abbty', '0', 'oivanikhin2t', '2020-10-04', '2020-10-11', '2020-10-09 17:30:59', 1, '"When I heard - well, of course, it was all my fault. Could have kicked myself."'),
('cbarthelmesqh', 'Luisty', '0', 'oivanikhin2t', '2020-10-01', '2020-10-08', '2020-10-08 16:58:04', 2, 'It had been clipped out of the Daily Prophet, and it said:'),
('akerley74', 'Willettty', '0', 'oivanikhin2t', '2020-10-07', '2020-10-14', '2020-10-10 19:09:37', 1, 'It was Draco Malfoy. He had pushed to the front of the crowd, his cold eyes alive, his usually bloodless face flushed, as he grinned at the sight of the hanging, immobile cat.'),
('dlandmanmv', 'Ciety', '0', 'oivanikhin2t', '2020-10-04', '2020-10-11', '2020-10-12 15:06:39', 1, '"My sons and daughters do not harm Hagrid, on my command. But I cannot deny them fresh meat, when it wanders so willingly into our midst. Good-bye, friend of Hagrid."'),
('csimonelbk', 'Reillty', '0', 'oivanikhin2t', '2020-11-12', '2020-11-19', '2020-10-09 21:11:02', 2, '"Ah, sir," he gasped, dabbing his face with a corner of the grubby pillowcase he was wearing. "Harry Potter is valiant and bold! He has braved so many dangers already! But Dobby has come to protect Harry Potter, to warn him, even if he does have to shut his ears in'),
('lfain7b', 'Ignaciuty', '0', 'oivanikhin2t', '2020-11-11', '2020-11-18', '2020-10-11 12:27:18', 2, 'They moved through the crowd, matching up partners. Lockhart teamed Neville with Justin Finch- Fletchley, but Snape reached Harry and Ron first.'),
('sgeorgiuscz', 'Betty', '0', 'oivanikhin2t', '2020-11-08', '2020-11-15', '2020-10-10 08:14:11', 1, 'It was the gloomiest, most depressing bathroom Harry had ever set foot in. Under a large, cracked, and spotted mirror were a row of chipped sinks. The floor was damp and reflected the dull light given off by the stubs of a few candles, burning low in their holders; Page | 173 Harry Potter and the Chamber of Secrets - J.K. Rowling'),
('gaffusohm', 'Bettinty', '0', 'socloneyq6', '2020-11-26', '2020-11-29', '2020-10-10 21:16:30', 2, 'His eyes fell on Harry and then darted to the Kwikspell envelope, which, Harry realized too late, was lying two feet away from where it had started.'),
('gaffusohm', 'Bettinty', '0', 'socloneyq6', '2020-11-26', '2020-11-29', '2020-10-12 14:23:29', 2, 'He pulled out his wand and moved forward between the serpentine columns. Every careful footstep echoed loudly off the shadowy walls. He kept his eyes narrowed, ready to clamp them shut at the smallest sign of movement. The hollow eye sockets of the stone snakes seemed to be following him. More than once, with a jolt of the stomach, he thought he saw one stir.'),
('ldoneldk2', 'Carissty', '0', 'socloneyq6', '2020-11-26', '2020-11-29', '2020-10-12 12:11:17', 2, 'Feel out of step in the world of modern magic? Find yourself making excuses not to perform simple spells? Ever been taunted for your woeful wandwork?'),
('tcounihane1', 'Khality', '0', 'cbraybrookes3i', '2020-10-17', '2020-10-24', '2020-10-12 13:54:29', 2, '"I mean, nobody wishes more than I do that it had all been quick and clean, and my head had come off properly, I mean, it would have saved me a great deal of pain and ridicule. However - " Nearly Headless Nick shook his letter open and read furiously:'),
('bcheston7e', 'Hality', '0', 'rbarbeymj', '2020-10-30', '2020-11-06', '2020-10-09 20:21:41', 1, 'Weasley, Miss Granger, would you escort him? - and Madam Pomfrey will be able to - er - tidy you up a bit."'),
('vzannotellik1', 'Tommty', '0', 'acrombkx', '2020-10-15', '2020-10-16', '2020-10-11 13:11:57', 1, 'He sighed heavily, bade Riddle good night, and strode off. Riddle watched him walk out of sight and then,'),
('gelphinstoneci', 'Carcty', '0', 'pmuldoon8w', '2020-10-12', '2020-10-12', '2020-10-10 04:01:48', 2, 'An hour later, they headed for Flourish and Blotts. They were by no means the only ones making their way to the bookshop. As they approached it, they saw to their surprise a large crowd jostling outside the doors, trying to get in. The reason for this was proclaimed by a large banner stretched across the upper windows:'),
('jvescoviniev', 'Mauristy', '0', 'feliah5', '2020-10-29', '2020-11-02', '2020-10-08 02:43:31', 2, '"Nibbles?" he said sweetly, offering them a bowl of peanuts covered in fungus.'),
('jvescoviniev', 'Mauristy', '0', 'feliah5', '2020-10-29', '2020-11-02', '2020-10-12 12:48:34', 1, '"Very few people know that Lord Voldemort was once called Tom Riddle. I taught him myself, fifty years ago, at Hogwarts. He disappeared after leaving the school . . . traveled far and wide . . . sank so deeply into the Dark Arts, consorted with the very worst of our kind, underwent so many dangerous, magical transformations, that when he resurfaced as Lord Voldemort, he was barely recognizable. Hardly anyone connected Lord Voldemort with the clever, handsome boy who was once Head Boy here."');
